date,r5_18,r5_19,r5_20,r7_18,r7_19,r7_20,r14_18,r14_19,r14_20,18,19,20
2020-01-01,,,,,,,,,,,20.713433412671062,77.0269908930608
2020-01-02,,,,,,,,,,,,
2020-01-03,,,,,,,,,,,,17.118927998451593
2020-01-04,,,,,,,,,,,-13.331837647378578,18.275010292912217
2020-01-05,,2.326927519460427,34.332609750299326,,,,,,,,-0.40081320691120353,24.90950981677271
2020-01-06,,-7.489250280251734,18.544402931533575,,,,,,,,-8.735099986465421,13.874163617997787
2020-01-07,,-5.715603613976575,20.820385764384255,,-0.42979620864704826,30.18815328583035,,,,,-0.39466361515110093,29.924317095786975
2020-01-08,,-4.476558880809377,21.66422408206573,,-4.476558880809377,20.906674734796706,,,,,0.4796200518594146,21.338119586858955
2020-01-09,,1.046308288284597,20.38800957702702,,-1.350049367659265,19.619140882356987,,,,,14.282498198091297,11.893937767718668
2020-01-10,,4.131345262533732,20.930422680575955,,0.9891536369112688,21.11951907322353,,,,,15.024371664334472,27.621575334517388
2020-01-11,,5.07894031233825,22.694487446220496,,2.322684052616375,21.593603869942083,,,,,-3.9971247374428334,
2020-01-12,,5.301134629470744,12.723727520567818,,2.482272792248171,15.782231799342673,,,,,0.7163079705113694,-9.958722606823734
2020-01-13,,7.0306019934774096,9.852263498470775,,5.033995200585052,16.16384543561165,,,,,9.12695687189274,
2020-01-14,,5.972156164934226,11.794436476759115,,6.3746998678031215,13.72307335697099,,3.539493169282217,22.70402604543973,,8.990269055375387,17.72045670258369
2020-01-15,,6.675266411733199,3.150123423752314,,8.954743131584538,9.7931766746986,,3.3583672930870727,15.855084707479385,,18.53992289832933,1.6886361754969863
2020-01-16,,7.265421249905879,10.314988500629827,,6.764907596631575,13.77630586740734,,3.019542843881957,17.184626292794633,,-1.0463505465794296,31.809583731262368
2020-01-17,,13.30524336665415,15.786267250466748,,9.035057152334184,10.637269279008652,,5.0121053946227265,16.751914992300666,,30.915418554252724,11.92639239252395
2020-01-18,,11.580396373567545,16.683529772071036,,9.677892387177405,12.243154375588574,,6.0002882198968885,16.918379122765327,,0.502721906459718,20.27257985848819
2020-01-19,,10.75132667414803,19.815537255932284,,10.267694185429752,19.466357163707517,,6.374983488838962,17.624294481525098,,4.844920558277809,33.380494121889924
2020-01-20,,7.85210339720264,26.57865860052511,,9.54152984853113,21.757483697243746,,7.28776252455809,19.426801088230373,,4.043806513602378,35.50424289846111
2020-01-21,,10.076716883148157,27.36355187827822,,9.633406647390421,24.33085418545006,,7.878718381458797,19.91094550691712,,,35.73405012002791
2020-01-22,,4.440234474744525,31.78305989192159,,7.938334317775232,28.950182226199182,,8.485631371364857,20.968096579740607,,8.369488920638192,34.02393246074082
2020-01-23,,6.6533181892463,35.895159242919334,,9.671902202949605,30.239252637944116,,8.106597414932205,23.379691483553795,,9.35505676446682,40.83307661347692
2020-01-24,,7.25611739956913,35.78187158526182,,5.423198932688984,33.223204558098175,,7.530116227482018,23.81239819181087,,,32.81405583360234
2020-01-25,,10.675225635628772,32.72785161733835,,8.1828807957533,33.2177135867204,,9.054970890750695,23.53714779696725,,14.301131221781302,20.234143058843795
2020-01-26,,9.902874350008007,24.11143704356699,,8.731060782726882,27.39935403376057,,9.62743026763689,23.73797086296685,,7.58582049314571,-7.348022748828907
2020-01-27,,9.674258185720785,9.771122171608374,,9.413304332704268,16.944799062687228,,9.488102550269938,19.351141379965487,,7.455024263489306,-37.677641899052276
2020-01-28,,13.077827985845982,1.753091047540521,,11.67264293808149,11.946066330274334,,10.653024792735955,18.1384602578622,,22.969335964967605,0.7429209931376537
2020-01-29,,11.701518172564079,-3.5001417363303653,,11.310441271214536,8.020917680775346,,9.624387794494883,18.485549953487265,,6.19627891943647,6.547891914247909
2020-01-30,,12.144427716688668,-5.621443466479174,,12.503878300870774,3.562997365721468,,11.08789025191019,16.901125001832796,,16.515678942404254,9.627634408099759
2020-01-31,,13.284079522574409,-4.785775854731555,,12.503878300870774,-1.5775369948061262,,9.285387678969961,15.822833781646025,,,-3.169684690090817
2020-02-01,,19.13662460248812,4.756449749830414,,15.264557194431248,-3.034773699818447,,12.045613376850362,15.09146994345098,,30.865204583144152,10.033486123757559
2020-02-02,,17.98534212187894,6.2534750414201525,,17.060954785995445,-0.8096208141162656,,13.274639329964277,13.294866609822153,,18.364206042530885,8.228047451086356
2020-02-03,,21.915029856026432,7.200439985781578,,18.982140890496673,6.184716119470494,,14.197722611600469,11.564757591078862,,,11.282716636055033
2020-02-04,,24.029260408831888,9.060545026616229,,18.959947817667278,8.782607350775544,,14.985054246984118,10.364336840524938,,22.85837060082063,18.928159612273003
2020-02-05,,24.029260408831888,16.27827645811256,,22.150865042224982,12.549904572653105,,15.646610779618712,10.285411126714227,,,32.91897246739085
2020-02-06,,20.952025603331492,28.21985429667378,,23.430320348284656,21.13758184529081,,16.874455119836327,12.350289605506138,,21.63350016664296,69.74137531656369
2020-02-07,,20.24557381409333,33.217806008070646,,21.993226413591003,25.188792934521086,,16.81721835210724,10.776153741806432,,16.24485067481639,
2020-02-08,,18.287438192548034,33.08811233023162,,18.302791762544604,25.310535568011307,,16.645572907210042,10.047676731487597,,12.413031327912147,10.763941924698926
2020-02-09,,16.143489370569235,31.30584009115251,,17.48646561661952,25.905706102156344,,17.25436879991548,11.520530070317248,,14.282575312905443,11.79907065595658
2020-02-10,,13.959840976228918,30.768129299073067,,15.442929246994206,28.830303995376607,,17.051661812222594,15.620377734431374,,5.2252473988676496,
2020-02-11,,19.052734397550203,7.2679448470642525,,19.48286202573233,24.892836465029458,,19.245173749339127,15.495202815048009,,47.097967273249395,-0.7591780394627506
2020-02-12,,22.721798963577754,6.415396068490118,,21.641049379906878,19.080591918104833,,21.826436893477094,15.271024299924656,,34.590173504954144,3.857749732767717
2020-02-13,,24.877680544592227,8.338104350235833,,21.86375496081281,8.82327186512845,,22.433415101711663,16.0066193535565,,23.1924392329845,18.454775051681786
2020-02-14,,30.683853801281977,12.25104368918798,,25.730696521032492,11.927864556234573,,24.173417309598545,18.55832874537783,,43.31344159635419,27.450828011765175
2020-02-15,,37.43687819524087,12.072273283369027,,29.527459098282492,12.026739512133622,,24.85051437505837,18.668637540072467,,38.99036936866213,11.357191660093214
2020-02-16,,33.895826760696664,12.792696701658658,,31.686049782228626,10.534050911471756,,25.769556379891497,18.21987850681405,,29.392710100528383,2.8429390519854
2020-02-17,,30.13309613506227,14.113050301247512,,33.193374493359265,10.52340331422036,,25.00086130272924,18.151278598035464,,15.77652037678215,10.459517730711982
2020-02-18,,27.9086215562304,14.53738323212993,,28.18938864558438,13.571348706442736,,24.17099174411421,18.288635272520537,,12.070066338825175,20.576439706093876
2020-02-19,,24.057416546199455,11.30902203722112,,27.122591169022755,15.190281868721906,,24.17099174411421,16.95860461844142,,,
2020-02-20,,21.415070862860595,9.482672875091236,,27.99401573607645,12.789785195370555,,24.693106087857572,10.986824590715052,,28.420986635306683,4.051795011573685
2020-02-21,,21.731791407481808,13.854111163818512,,25.885040849852956,11.602762561225445,,25.80193236510348,11.765313558730007,,30.659592279013225,20.328692206894498
2020-02-22,,26.873415077269776,14.985642308187352,,25.443815131064937,11.65187674145189,,27.64270034418208,11.856347343641925,,36.34301505593402,
2020-02-23,,29.26578241842315,13.06641843730548,,24.151619398216653,14.04704254974446,,28.2086203742231,12.130865292504806,,21.63953570343867,14.818768093448256
2020-02-24,,34.792261898467174,14.41684710062589,,31.005229305193513,15.648765621719486,,32.18346132959046,12.658970942344999,,56.8981798186433,18.46813309058712
2020-02-25,,39.82256214440976,14.506785278972202,,37.92229955955924,12.4157872254925,,32.681501375111246,13.0898647560468,,53.572487865019596,4.411547724958933
2020-02-26,,46.16231793142165,11.586897855208548,,41.413166938775454,11.788013106550396,,34.817516583504975,13.489147487636151,,62.35837121407267,8.64914251183988
2020-02-27,,48.023120654947554,10.453598286743135,,43.874030087097864,12.09944727343503,,36.54479269431875,12.444616234402789,,45.64702867356355,5.920400012881487
2020-02-28,,46.97931727282727,9.085941716569442,,41.83987673192986,10.041412779382577,,34.47610632481745,10.82208767030401,,16.420518792837242,7.980485242579789
2020-02-29,,44.499601636373264,4.445910758666864,,42.75602034459583,7.930922139624243,,34.09991773783039,9.48131989038576,,,-4.732021698925772
2020-03-01,,39.188295951475965,5.06126577719228,,44.53730858159446,6.883715671643922,,34.344463989905556,9.868435204185813,,32.32726512543041,7.488322817586015
2020-03-02,,31.4649375306104,5.513091980323699,,42.06513433418469,5.803735734059615,,36.03245886382587,9.905831520584561,,,10.908273527496975
2020-03-03,,24.373891959133825,7.079863952284006,,39.188295951475965,7.138408898020198,,38.42869811632594,9.33731653446699,,,13.754259872683019
2020-03-04,,17.61636013886514,13.496765407986109,,24.32506693603277,11.626387470770263,,35.19931239232356,11.700983918053398,,2.9054551522998744,40.06499252109031
2020-03-05,,16.074002669338814,20.008619203664473,,16.160631700213422,14.75593708028234,,33.79643067368533,13.529864861737424,,12.98928773028616,27.827247279466043
2020-03-06,,8.284157447048221,23.12811872187249,,14.294934366643766,16.913842104003244,,31.823534053644007,13.741951646486012,,8.957729458558628,23.085820408626105
2020-03-07,,10.503423771816308,26.183080020466367,,14.868192042539127,20.521486071158076,,30.07973475275188,13.741951646486012,,17.16122274612057,
2020-03-08,,10.503423771816308,20.36245299262986,,10.503423771816308,17.685390895116573,,30.923754657683197,11.869104236323608,,,-9.528248238663021
2020-03-09,,11.449911331934793,13.794939816476377,,9.74102009600781,19.04081436864049,,25.90307721509625,11.319185165134977,,6.691405392773818,
2020-03-10,,8.441849013352634,8.413260594629053,,8.277023155999428,18.626404316888703,,20.64153227419004,11.925073655882075,,0.9570384559575248,11.682209613924075
2020-03-11,,8.269888864950637,6.292432333707936,,9.35133675673934,13.95807293784319,,16.00632794753642,12.597923082050647,,,16.723335625862752
2020-03-12,,3.7067194735508493,6.69374826785752,,7.447822125066348,9.972162696011237,,11.320181936242825,12.762697753502714,,3.4717145719212033,7.897696070306273
2020-03-13,,8.014558949848883,13.238393920935565,,9.84389170910322,8.685065489015848,,11.822132890232353,13.485185181091827,,20.93807737874298,16.65033437364916
2020-03-14,,11.51384481564412,13.238393920935565,,10.549356931070061,8.685065489015848,,12.708774486804591,15.141294897457065,,20.68854885595477,
2020-03-15,,17.393570873622693,11.940565115609715,,12.870454557203686,11.888894015272587,,11.923642243048736,15.050619586096577,,24.47594268787182,6.490894392620674
2020-03-16,,17.393570873622693,10.346308278858702,,14.10626439008966,11.888894015272587,,11.923642243048736,15.464854191956537,,,
2020-03-17,,20.7163109294112,12.173504278051766,,17.2673916579132,12.228308906064864,,12.36355429323296,15.427356611476782,,16.762674795075224,13.379284067885468
2020-03-18,,20.29978194329191,13.940824593666724,,17.60148662063864,13.274100844991121,,13.851418500684412,13.616086891417154,,19.27196143426584,21.952295320494027
2020-03-19,,22.424120540930915,14.976667822193725,,21.88718473307024,15.311401132484812,,15.323838093068469,12.641781914248025,,29.185903246510772,18.084197507774736
2020-03-20,,25.39173652819863,19.749606052910224,,24.45523960943685,17.097863720852313,,17.81371783655793,12.891464604934082,,36.34640663694269,25.582647315486668
2020-03-21,,24.98141569677177,19.749606052910224,,24.897170195288442,17.097863720852313,,18.375436893371,12.89146460493408,,23.34013237106432,
2020-03-22,,27.036100922195907,21.12329091138922,,24.98141569677177,19.574489542688468,,18.375436893371,15.731691778980528,,,18.874023501801446
2020-03-23,,28.946129321942877,30.408697629609826,,25.303192252852096,26.161061651136464,,20.21367958796008,19.673712725743794,,26.912075033253725,59.09392219337645
2020-03-24,,24.738248538495014,31.145892438063157,,24.568476472459448,27.436677096753566,,21.24980155675661,20.52378246462234,,12.354380112719326,21.032976741588076
2020-03-25,,23.00889738826805,29.11445384725651,,26.26131657275428,26.687443368714572,,21.93140159669646,20.590469494294823,,29.42900203603483,17.456892952260073
2020-03-26,,23.764223287143878,31.597357311941835,,25.790572026097085,30.594905645865975,,23.83887837958366,23.647858139783626,,26.36143596656762,41.528971170683135
2020-03-27,,24.90972049614144,34.19449009528255,,24.64812247529525,31.641078996369036,,24.551681042366052,25.030526598406883,,29.49170933213168,31.85968741850504
2020-03-28,,26.848872496689477,25.114860909276302,,26.859406252783526,29.07746432022277,,25.878288224035984,24.085964070485076,,36.60783503599394,13.695776263345184
2020-03-29,,30.740256725001196,23.008896549112613,,27.566819824425576,27.881625954361084,,26.489568104569823,24.420319116164155,,31.81130125427789,10.503154940769626
2020-03-30,,34.96360711653939,22.72778624516214,,30.943059675921585,21.73268584566555,,28.34004394219721,23.776551602036736,,50.54575399372583,16.051341432507712
2020-03-31,,35.99630246723637,19.157695037033466,,33.6817071912549,22.11061990115865,,29.475600705656998,24.568800145279383,,31.524912720052505,23.678515130039763
2020-04-01,,35.30434739171585,15.982196941665572,,33.1964117510398,22.886241059308407,,29.99559859183109,24.786842214011497,,26.031933954529066,
2020-04-02,,34.978475480646324,16.34077782555285,,34.33557438178516,18.48642916401027,,30.063073203941116,24.54066740493812,,,15.130099798894289
2020-04-03,,36.03420022276914,18.949800269924886,,35.30434739171585,16.666355380635725,,29.491861073668247,24.153717188502384,,,20.939244718257783
2020-04-04,,31.266931070517117,21.561657940532783,,35.23156969191102,18.80018802256808,,30.664935088750564,24.334106028997528,,36.24394653696978,26.498772114939303
2020-04-05,29.337362992703362,31.137940245749423,22.759758279178577,29.337362992703362,36.086636801319294,21.794814946543628,29.337362992703362,30.664935088750557,25.072328566137642,29.337362992703362,,28.470916484622926
2020-04-06,29.337362992703362,35.044184285253785,20.585959046220307,29.337362992703362,31.911303811272283,21.101385060190214,29.337362992703362,31.29514845241275,21.44131625236924,,33.84442203353779,11.89076211438723
2020-04-07,29.337362992703362,31.489821252743635,21.255757267700453,29.337362992703362,30.125349428189992,20.23481435623276,29.337362992703362,32.38848618650402,21.24486349580824,,24.381095187723332,18.47909090629503
2020-04-08,29.337362992703362,37.52166837680502,20.8750530288788,29.337362992703362,37.52166837680502,20.06351566593515,29.337362992703362,34.76923234222715,21.366312001338194,,55.617209748989175,19.0357235241495
2020-04-09,29.337362992703362,37.641731301172506,24.270699993374997,29.337362992703362,37.362174348331955,24.113073828581726,29.337362992703362,35.71130163930643,21.51616090647182,,36.72419823443972,43.4770069374203
2020-04-10,,35.53321219397046,27.72350528311309,29.337362992703362,35.65166791780368,27.655316430732533,29.337362992703362,35.49379495140011,22.583488253764774,,27.099135765162277,45.73494293331342
2020-04-11,,36.76919846464828,28.06919020155438,29.337362992703362,36.28173572612986,25.815375658111723,29.337362992703362,35.80438752875766,22.577596749399273,,40.02435338692686,13.619186706593654
2020-04-12,,38.975027833173314,26.23725097944859,,36.157236626732534,23.079443988275028,29.337362992703362,36.1315639629459,22.486538276706693,,35.41024203034858,9.31939479576608
2020-04-13,,34.6924365171876,25.074437735799055,,36.208641074664364,23.26957187277711,29.337362992703362,34.645972978885425,22.268870266967777,,34.2042531690606,13.22165730590181
2020-04-14,,34.18449608787458,23.41911759618988,,38.17989872248786,25.65833120607417,29.337362992703362,34.95807900476872,23.155169583070442,,,35.20040623937444
2020-04-15,35.90232688573524,36.54628286211201,20.682682117721697,35.90232688573524,34.6924365171876,27.517908637048887,32.619844939219306,35.9498728992398,23.790712151492023,35.90232688573524,,32.0527655409725
2020-04-16,35.90232688573524,34.80724759970459,24.814542213414803,35.90232688573524,34.18449608787458,26.203834386711584,32.619844939219306,35.94987289923979,25.15845410764665,,,34.2784871850592
2020-04-17,22.898263246227152,51.65241550485352,28.506139134328656,22.898263246227152,44.68485660674562,23.638468167714716,25.044629828385894,39.264943393380456,25.64689229922362,9.894199606719065,69.10057784064645,27.777379400335356
2020-04-18,19.931268426780306,61.78738972143428,29.879152786254934,19.931268426780306,48.29731866056944,24.562402290420362,22.282792068261074,41.0879688999057,25.188888974266042,13.997278787886614,54.47420160222211,20.086725565533182
2020-04-19,20.784652735698046,64.97359739497983,25.660470784619587,20.784652735698046,57.281261338500016,25.246345352624882,20.784652735698046,43.838700158284354,24.162894670449962,23.344805662451257,71.34601274207093,14.106996231197721
2020-04-20,19.128251634669507,60.33090838421196,25.4424926065675,22.483066684882655,60.33090838421196,27.78080497331206,22.483066684882655,44.98037464177258,25.52518842304459,29.27672248162109,46.40284135190833,30.96287465071204
2020-04-21,21.818773004940404,52.48611266628122,27.110634355961558,24.166031985072877,52.48611266628122,28.840632072262782,24.166031985072877,44.68272324239394,27.249481639168483,32.58085848602398,21.10692979455829,42.619195932029506
2020-04-22,21.071615865371193,43.56693755257064,30.513207421415792,19.208713155595838,47.822544267249945,30.660271956067646,21.593515117044323,41.85431347176706,29.08909029655826,6.158413908873013,24.504702272093564,44.7902447276065
2020-04-23,22.840200134742336,37.14706709864155,37.05492059867096,19.208713155595838,44.18715927658233,33.305529708460476,21.593515117044323,40.54982720796133,29.754682047586034,,22.37484933257663,52.79529145180903
2020-04-24,22.67199829217269,35.47464662322305,42.98410162833511,21.071615865371193,43.31334963720118,35.58774713405806,21.593515117044323,43.812079444308246,29.613107650886395,,62.98391036497843,43.752901379518484
2020-04-25,14.72122440811576,29.874205393574705,43.717684920489454,19.35704027368393,38.159983008836114,37.66547078347958,19.57237583109507,41.84628688219369,31.113936536949975,5.424400829450287,18.400635203666617,34.63079111148378
2020-04-26,5.79140736916165,26.240730230092954,43.992307167604444,18.360098926492093,28.387631756704483,41.59188320885989,19.572375831095066,38.894406150084684,32.790439747810275,,2.9395539771495343,
2020-04-27,14.310257277952672,24.08140545372006,37.52381121009118,16.839946737700583,23.71695133360745,39.58411425000012,19.975013375023952,37.03111753382728,33.22848617793732,23.196113726455057,13.708078390229094,18.91626089755343
2020-04-28,17.462387071397504,24.508044484005918,29.531134617192965,14.636393780766383,24.15195492344898,35.95167910803123,20.354176703350277,37.03111753382728,32.122653781079,23.766646658287176,,20.82458508021617
2020-04-29,16.848772031093286,11.682755857015081,23.21470496121173,16.848772031093286,24.08140545372006,31.56783544602907,18.264736705794817,37.03111753382728,31.07914741297293,15.007926910180624,,18.48718275559353
2020-04-30,24.640804479840646,8.323816183689313,18.2635873503313,20.797523749762576,24.508044484005918,25.239673648721247,19.93089978930799,37.03111753382728,29.58282691165776,36.59253062443973,,14.826320667962078
2020-05-01,24.640804479840646,14.89976277657159,17.93692785527466,20.797523749762576,12.784928683489833,20.719238397976184,20.934569807566884,32.21210565403342,28.725358486635667,,16.091447162914086,16.6302898750481
2020-05-02,21.902023951593804,21.14283729160887,18.2852558674393,22.160841906566056,14.73332673764909,18.390423372458322,20.758941090124992,29.641198910222656,28.769295055315926,12.24099161346769,26.19422742030365,20.657900958376626
2020-05-03,21.280483049362683,21.839925622321314,18.868974130136717,22.160841906566056,19.806963814298257,19.15510237549331,20.47162280431096,25.26738886855677,29.510539683200967,,23.234102283746193,23.743176393703255
2020-05-04,22.738739829950536,21.054848039986293,19.938432726941063,21.39815861166388,21.054848039986293,19.857704495787857,19.372286667680193,22.748913772290663,28.962201305424287,19.382697251944183,18.699615292981232,23.834475739615254
2020-05-05,19.461038260568447,21.912922251527313,21.721717650084013,21.99671446326514,21.912922251527313,20.27458452485367,18.725460826599026,23.134212799848218,27.51016664016639,26.75942591629347,25.34521909769138,23.742745283676832
2020-05-06,21.951682545033172,28.426968226580623,24.512154877934577,24.87985216091449,26.37104804930287,22.002483561811868,21.310483214327288,25.330301414947044,26.417261354527497,29.42361539842735,48.66167703818066,30.582476014300926
2020-05-07,24.838542850871434,28.547659720707408,24.446548988281045,22.319032603390685,26.4319961695364,22.788705110689996,21.558278176576632,25.732377374798045,23.919921359012108,23.78843283682074,26.79768489093758,20.329871510108962
2020-05-08,25.827568457665286,29.876049079947713,22.910154042834755,23.563138983632353,28.155421003973448,22.707406795179093,22.306041150055183,22.007224075780005,21.789790611854674,29.783670884840692,,16.061201666471813
2020-05-09,27.438786259095565,27.19942436576978,21.84161257242374,25.827568457665286,25.121902506634424,22.39795928506246,23.99420518211567,20.96647219904029,20.54832732539902,,7.993116436269507,18.491768387560175
2020-05-10,26.392168536301675,28.455765419634737,21.252789106370237,25.285132885574058,26.311316011535258,21.97730950787761,23.865000622388607,23.70957513264046,20.566205941685464,22.572955025117928,30.370583313151208,20.798627953409312
2020-05-11,27.110616333089716,21.90787563969699,17.911359804079748,27.437584441179947,26.93973311577666,20.554574331196648,24.69239088230901,24.585779085460512,20.206139413492252,32.297406585579495,22.470117918429654,13.875329502848492
2020-05-12,26.390911073389578,21.061607191224837,18.20085099832855,26.46261542146773,26.61763178233626,20.273800359436088,24.432660440466552,24.479127450150372,20.274192442144884,20.909611798020194,23.412611097048977,21.777327481352966
2020-05-13,25.25300948918909,25.226079538665424,18.790119135606055,25.764023613069636,25.488013764044123,18.620238407801576,25.362127498453653,25.92953090667349,20.311360984806726,25.232064548038743,41.883968928427784,19.007542352859332
2020-05-14,24.484941455967817,32.24828717815537,20.34731004490851,25.368063027446627,28.20575872117439,19.469931468367793,23.9821401074212,27.250655808753933,21.129318289528896,21.41266932308272,43.10415463371923,26.277722934072454
2020-05-15,24.96293806368029,33.504758143419224,22.37796547689958,24.484941455967817,29.412498638073828,21.59717481792391,23.9821401074212,28.83230896079673,22.152290806551502,,36.652938139470464,30.951905113364642
2020-05-16,24.273340548337544,34.91978887324234,23.877268200918905,25.3272873006746,32.491377942541796,22.008614065836046,25.55468782657946,29.090081587507623,22.203286675449252,29.53901652420852,29.545271567545228,21.371843122945123
2020-05-17,29.011065636556747,39.821048904545115,24.40225338081039,28.208546821637782,34.99828193402917,22.210278417907166,26.74683985360592,30.98891304672429,22.08483362019894,39.86051215089701,47.918911253562854,
2020-05-18,30.45801232226655,40.5266163379612,26.200490390127403,27.99562093918753,38.27566595932611,23.877268200918905,27.716602690183738,33.04369695461098,21.939030110247586,31.019851290877956,45.41180609550824,
2020-05-19,30.070194652393955,35.48759048640242,24.558792258666568,27.82091874678288,37.48943942773701,23.792328412586297,27.14176708412531,32.471682052936664,21.73985371491534,19.861398643592338,17.90902537592528,21.352628539689928
2020-05-20,30.070194652393955,33.33306003758794,20.26445469706249,28.33868958653171,35.20319899444705,23.604598427724913,26.93432632827967,30.719267349645698,20.697055082769634,,25.880285895398075,18.068892428552413
2020-05-21,28.844612976470458,33.75326413591738,21.053101318408054,28.983493686018072,33.56636148380037,23.09661043830679,27.011440599524562,31.092237131819147,20.981047705842368,24.63668982051454,31.646292059192437,23.737782986981824
2020-05-22,26.73843227847103,33.9026979681054,19.217805331725913,29.392209631498275,35.28252466594787,19.64861288996976,27.16163318807534,32.34751165201085,20.78527401460968,31.435789358899278,48.66608041450297,13.711917371679496
2020-05-23,28.969145582742964,37.98486567049184,15.52242585378941,31.126157628791134,40.46500652879005,15.52242585378941,28.22672246473287,36.47819223566592,19.306035644149947,39.9427045079657,65.82264460744045,0.7409079420434052
2020-05-24,32.005061229126504,37.62262184898425,14.222430023158907,29.37928672436997,35.919134388050686,15.410796442580741,28.74070132287968,35.45870816103993,18.810537430243954,,16.09780626838737,14.85264938653739
2020-05-25,33.817775744084365,40.558205837380804,15.114774054623192,31.02650032398596,34.337022436807764,16.427913034479754,29.373293386823175,36.45783048739457,19.531811020496065,39.255919288957934,,22.530612585873836
2020-05-26,36.85304345978609,35.91983219713658,15.36769212750354,34.40977273193179,33.5343177905228,16.949305150435993,30.815852376396016,35.66399867209969,19.800564842998618,36.77776068332147,13.092797498215537,25.002373351383575
2020-05-27,38.65879482674837,25.317539505687215,18.505837723597548,34.40977273193179,30.263755082740705,18.56841271094987,31.374231159231748,32.92345565058259,20.6668234262728,,6.256909648705497,29.402645352149538
2020-05-28,39.99804726774277,16.239100882634425,24.795356212455495,38.27452713401866,29.907521425413517,19.77565805371434,33.62901041001837,31.87766607223721,21.15938821396119,43.960461830948915,29.5088901152293,32.188500386333146
2020-05-29,39.59473630152793,16.286199087383444,27.896931569291223,39.664329942815485,26.15580962759563,22.154030739290988,34.06135522755155,31.479726733301106,21.110106635407142,38.38480340288339,,30.36052617071604
2020-05-30,36.532492522632126,15.546706670201822,30.12712292530343,37.07717787589729,15.656926589838932,26.85983951413262,33.831166832021204,30.128306554227084,22.135917155656287,27.00694417337474,13.328229418656955,33.681569365934834
2020-05-31,35.53272566481424,16.454346804142087,33.078052849431835,36.36076377192273,15.782036942956776,30.417607169202363,33.187365113944196,27.52867711926156,23.49138683383854,32.77869325204989,16.7233580339766,39.757022972025595
2020-06-01,33.38262391969711,19.85349252262095,31.983669438816644,33.94848004696784,15.782036942956776,30.617623699659475,32.62030744561244,25.90293812142095,23.522768367069613,24.782216939228622,,23.930728299073596
2020-06-02,28.356249119658536,13.062475326338598,31.542276581978836,30.956951238206937,14.990645148590115,31.32893266405384,32.52641555353641,25.1053756805534,24.139118907244917,18.82858783075604,9.135838526382235,29.98153610214412
2020-06-03,23.791416748081613,12.728536606589628,27.958221479595913,28.757478424891485,16.084607308317562,28.90573342214697,31.112601052824942,23.818687912548373,23.73707306654842,15.560641544998775,11.726720447342723,12.440250658801432
2020-06-04,23.676310162751644,12.528639002567184,26.527384508011185,26.25332834143091,12.728536606589628,28.358605594782603,31.262161171675803,23.035927497883964,23.737018457284307,26.4314112467249,,
2020-06-05,23.76555673085228,9.464586549886851,20.260283148753338,25.516203011383716,11.689069420458821,25.746620822162296,31.411255899480285,18.922439524027226,23.812149239077744,33.22492609255306,7.5312006759355965,14.688617534994206
2020-06-06,26.065702053277334,9.196578419742929,19.03680143197992,26.841345779666455,10.701934342589661,24.15963111340779,31.10627581976264,13.179430466214296,25.734752680497277,36.282943551353895,8.39255402931116,
2020-06-07,28.42758454536038,9.216825050863159,16.249256193516814,26.53553249954094,9.196578419742929,20.532006596353632,31.0702546252556,12.855166488195067,26.298606930515387,30.638000291171263,,21.6189003867548
2020-06-08,32.63940870282927,9.881582494721547,20.86194047090775,28.226610412843023,10.10146129157792,21.001521634733763,30.867473320900622,12.94174911726735,26.61091450594043,36.61976233234321,13.72099277891788,26.278303490974253
2020-06-09,35.103562518342756,8.908629120684264,20.86194047090775,31.072837911919635,9.472247386015955,18.756518017881174,31.019351754821464,12.231446267303033,26.757145519991045,38.752180324292326,5.989768998572417,
2020-06-10,33.237693621921366,8.700839798588149,23.819801920564903,32.263543635554974,8.466911974057641,21.537005824172226,30.510511030223228,12.2757596411876,26.226196113792515,23.895581610446143,6.700043387551144,23.562201883965653
2020-06-11,31.068330232331824,10.590415166332953,23.23980303983801,32.12136011508087,9.71423589509643,21.529565938869247,29.18734422825589,10.919956179693708,25.25449666027653,25.436126603406183,15.950855500290373,21.49980639765733
2020-06-12,30.10170261888186,10.590415166332953,22.10061729745751,31.06135099099064,10.150842938928594,22.00427391531697,28.288777001187178,10.919956179693708,24.045554046323513,25.80486222392144,,17.062157417232807
2020-06-13,28.47218769051652,9.546889295471312,20.53942991944427,30.191085564263428,10.590415166332953,21.67582059258436,28.387379526403517,10.652370264253348,22.804825374776826,,,20.033553978921294
2020-06-14,25.045523479257923,11.325449443920759,19.611487636132203,30.10170261888186,10.590415166332953,20.722623611939213,28.02143671593299,9.893496793037942,20.635979513945767,,,15.899718502883939
2020-06-15,25.620494413663813,17.703553550976935,17.55727471718661,28.47218769051652,12.024229872019358,18.558095911649783,28.315911241087928,10.956025105107448,19.668743967597045,,19.456251601663496,13.291137289237662
2020-06-16,23.16471968124103,19.477733289722494,15.739450673752462,23.9152868940836,15.401591366821627,17.67989452148361,28.470092087251977,12.107511377485142,18.07139397471909,20.524577138560627,19.499214977781495,12.410686180486595
2020-06-17,23.58380925932623,17.644248710293578,17.14973892833388,24.602151836495025,17.220900407792776,17.75866549379422,29.477582981351357,12.357573500162143,19.132607432113495,26.643041380091837,13.977279551435739,24.1135986901399
2020-06-18,21.839260247915416,19.02632394179666,16.428785165687025,22.830660741916923,19.02632394179666,17.135142009817034,28.742923979384887,13.43907111377652,19.132607432113495,18.350162225093776,23.172549636305913,
2020-06-19,21.499397003569452,17.882537963613398,18.74080858580198,21.499397003569452,17.882537963613398,18.48275113750219,27.58427681374657,14.016690451270994,20.083443309236184,20.479807270531563,13.307394050880342,25.147812183343767
2020-06-20,20.91364502706922,18.548188993553094,20.516396110535247,20.91364502706922,18.699532761571493,18.542740039043768,25.974067138266058,15.455885723476078,20.109280315814065,18.570637121068287,22.784506751361977,20.39348738817073
2020-06-21,21.770755886159055,20.54616379615748,20.506052110784005,21.563059428225984,20.24089793717606,17.954338652143377,25.44426087852411,16.73163147505129,19.3384811320413,24.810131434009804,29.489088990803438,12.369310181481623
2020-06-22,21.791497173051177,21.791154902570053,19.30353658433204,22.303586340558333,20.347467006009644,18.886978924724524,24.546714104179497,17.320835320922267,18.70758819032012,26.746747814552446,20.202235083498593,
2020-06-23,23.57946582018255,21.445806219136088,19.30353658433204,23.27007610087119,20.488842344047665,20.506052110784005,23.50469820749388,18.453941953157248,18.70758819032012,27.290005460750635,,
2020-06-24,24.597949518138876,23.245723393190374,17.886437273568237,23.117102440902816,21.577139543324623,19.701781001012122,23.657120402936343,19.83464388911188,18.465252950964366,25.5722257603132,20.507062747097486,20.896514251052363
2020-06-25,26.202823620350216,20.484545955427304,21.808464989970386,24.294937499050132,19.67168077065859,22.19333890828513,23.762473223728957,19.413538039113817,19.434322418211625,26.595007632124997,11.739797000309704,32.159570537377164
2020-06-26,29.374298695567795,20.124427461235705,24.131847792962642,27.17889457613101,22.128550931184705,21.031668189708054,25.11362273156317,20.19854503683411,19.641349797595765,40.6675068100977,28.048615014037033,19.33945859045839
2020-06-27,32.47098880758258,28.062192399478604,24.131847792962642,30.558831898067876,26.990015612036075,21.191213390092386,26.540004035151767,22.844774186803786,19.602129379463214,42.23019837462636,51.95329483647021,
2020-06-28,34.65517017871953,29.156153911085006,24.131847792962642,32.473229166985824,27.663834106487272,24.131847792962642,27.437766210635125,23.666868476858156,20.013508365749797,38.2109123164354,33.5319999575106,
2020-06-29,36.080672178611096,28.19109232411853,25.749514563917778,33.32365601630276,26.910420727948352,24.131847792962642,27.813621178430544,23.376522569981354,20.853804750313813,32.69973575977105,15.681754812265094,
2020-06-30,36.04867641943481,29.16639071847872,20.549515397186035,33.201516498516035,25.439830477114395,23.538778895700403,28.235796299693618,23.1547590310836,22.0224155032422,26.43502883624356,16.61628897211066,21.759572203913685
2020-07-01,35.022444606902425,27.017888744997727,25.932567408228664,34.6249624966764,24.98255081990505,25.84104098607322,28.87103246878961,23.41082253840639,22.77141099354267,35.53634774743576,17.306105146632053,30.10556261254364
2020-07-02,31.68427482860265,21.160048419390773,23.34239407675909,34.47415418967676,26.54316456392302,22.34166020518391,29.384545844363448,23.37171050549328,22.25925948468459,25.539349483127477,22.664093208435464,18.162047413819938
2020-07-03,29.622282654632635,19.042464218769556,23.34239407675909,32.65036056631784,25.81394512683266,23.34239407675909,29.914627571224425,24.112993959610527,21.898190397352195,27.900951446585314,22.944078954404514,
2020-07-04,31.415657486181363,20.388173549048116,21.966036623446364,32.56984792958761,21.593517502145183,21.966036623446364,31.564339913827748,24.084208937479442,21.57862500676938,41.666609917514705,22.410301463657895,17.836964263508197
2020-07-05,31.68727236682711,20.335782414877364,19.450557361120758,31.081589490021454,19.13956512268037,19.91236032967934,31.777409328503637,23.073843115206632,21.49466812841058,27.793103239472277,16.3543333012569,11.697655154611253
2020-07-06,31.672441033585716,20.127162944681295,16.624214373244534,31.476225964515415,19.22260126316417,19.726998718239244,32.39994099040909,22.7708256315261,21.195281743147046,35.462191081228816,16.263007795651706,18.800190661038755
2020-07-07,31.297718641813695,19.188588919563664,16.1116033597194,31.080612919947384,19.416163278983692,19.320484021104356,32.14106470923171,22.427996878049044,21.195281743147046,23.665737524267357,17.97122308284731,
2020-07-08,31.367710765984935,18.249716410853452,16.1116033597194,30.039836394233927,19.76783963437563,16.624214373244534,32.33239944545516,22.5757610419684,21.23262767965888,28.250912067441526,,
2020-07-09,29.517000182983242,19.21899288762232,19.050322881130935,31.021794611288037,20.37172532809195,18.74698322672525,32.74797440048239,23.69480799353945,20.54432171595458,32.41305700250623,26.287407370733376,26.65312282774279
2020-07-10,29.413741707675126,18.19146074035488,17.052227314572878,30.93263167076609,18.588412954389053,16.138260272367617,31.79149611854196,22.479084124166377,18.839810449014422,27.27681086293172,12.244204712187122,5.703368454937093
2020-07-11,27.285443524519145,19.95273079602921,15.556970117472277,28.52607313475669,18.738044046837576,15.43375123361337,30.547960532172144,20.27560667661859,18.336989184650257,24.820700165448887,23.308088018349043,14.314419069736951
2020-07-12,27.383907820180724,20.439888462228403,18.7930540051999,28.006781100914257,19.332297454568774,18.79448133636767,29.54418529546785,19.228518506628863,19.35342083302351,24.158059002575264,19.919853747644076,28.501305668382763
2020-07-13,28.677770479487766,22.23008925791974,19.71821922794269,27.900785998449674,21.520278228741002,19.71821922794269,29.688505981482542,20.283067554968866,19.723008040831722,34.72022536397672,29.390892440685096,23.41888011891384
2020-07-14,26.122210659759265,21.398469653128085,17.98449332799266,27.325003195534862,22.2132926060623,19.71821922794269,29.202808057741127,20.707146045327665,19.519351624523523,19.635257903863714,22.12930934677509,
2020-07-15,25.83356060896615,23.687035888363326,19.002295529202033,27.170685050217088,22.2132926060623,18.060945566581335,28.715612696995386,20.99056612021897,17.486253089246613,,,9.774577259774569
2020-07-16,27.50171166832107,23.60236200271108,19.88600449847287,27.017392950277486,21.660290123563414,16.593634253094255,29.173609229283162,21.016007725827684,17.454973842546654,31.493304402868596,22.969392475740054,17.849254946820313
2020-07-17,27.430796873089648,24.82986475440008,15.918346921582053,26.450324443397122,23.543507205838672,17.748185404074658,28.86387448890349,20.84072852322979,17.016401253298728,23.87439982164954,,12.630675360819492
2020-07-18,26.060909194473034,20.81409443349501,18.474947334143067,27.18698685740735,22.35060589776284,20.969995853978148,27.908033314441614,20.38011761543997,18.453521026539608,29.24067464951029,17.34358147796989,33.6452817691579
2020-07-19,29.49463137576488,18.364359599272525,16.912970091748633,28.722334795149994,21.32265611705555,17.9972884296095,28.33703665209998,20.23700593751731,18.359648841772305,33.37014662903108,14.780104844107631,10.665061122170899
2020-07-20,29.49463137576488,14.851462959879852,19.380730007942258,27.522756681384646,16.307032237258902,17.77970454991431,27.743273783005915,19.1506209598855,18.660847585381756,,4.3127730417018295,22.113376840742692
2020-07-21,28.82840703339697,12.145486454593119,20.305049848023312,29.49463137576488,14.851462959879852,18.449868778101635,28.11395889743669,19.268560747589323,18.978348132202072,,,22.470854147225594
2020-07-22,28.021746034226172,12.145486454593119,22.22364346982427,27.88658846543933,14.851462959879852,19.895750697822816,27.496095693499925,19.268560747589323,18.978348132202072,21.454416824137148,,
2020-07-23,28.941796749977232,12.91124003452297,20.155289843773936,27.988092944218305,14.019325395384701,21.149519417512188,27.45862022025058,18.60390423229193,18.87157683530322,32.00082679676348,19.640842217759452,25.371867264956563
2020-07-24,28.65970490228666,14.679311875140764,23.905464735831362,29.71798719708027,15.232324389499961,23.32203363910904,27.935625695071277,19.38791579766932,20.535109521591846,32.52387108595936,20.084320365961013,25.6657606904006
2020-07-25,27.897663173789987,19.50200383084802,24.502827367527587,28.992159864838207,15.519777875670707,21.25738401309927,28.007520042603197,18.935191886716773,21.100626835396838,25.61153798829998,18.7808489088236,
2020-07-26,26.107334131406965,18.353685163906874,20.34720752909107,26.107334131406965,15.545502739465865,21.1251707150483,27.533698129812255,18.43407942826071,19.419053104808953,18.946017961874873,14.908729163083438,10.003994631916044
2020-07-27,27.90846211663348,17.847315862086724,18.756713147900417,26.83278790121742,17.847315862086724,19.49954134776545,27.146410074020707,17.077174049672813,18.561448548937555,30.460056750269704,15.821838654806117,13.985230004328463
2020-07-28,22.91538484273958,17.40603945545163,15.501781318647572,24.004595404942645,17.77850658250293,17.475798507909367,26.000972121605272,16.6076891334537,18.044006165521523,7.0354404272939846,17.43446018458398,12.352139947945174
2020-07-29,19.568251727889788,16.96887452827449,12.113788194729894,23.19513664602454,17.795647889298987,17.475798507909367,25.149908237447363,16.725035187692033,18.795772429680337,15.788205511710395,17.89849573007533,
2020-07-30,18.34523685398524,16.515880933137215,10.044380597340002,21.408799049169367,17.488115501222246,13.168656615952122,24.150171505439758,16.100599458887224,17.52185450771216,19.49646361877726,,3.8361578051703242
2020-07-31,17.273162577207785,17.967768125426478,11.919274164343385,18.703338405173394,17.593441762268824,11.536218257857916,23.29277540180126,16.520206592828433,17.964844829449437,13.58564657798758,20.71627793224049,17.50356889992958
2020-08-01,13.976439033942304,22.644840368123628,10.088508855258377,17.55197180798563,20.218321548397345,10.723876676213003,22.752057288373166,18.082619878976143,15.51183455661585,,34.530127625594716,6.662168767988427
2020-08-02,18.03833176599336,25.064279986794627,10.650451278483539,18.274804040256186,22.252236464428098,11.489862511034632,21.83504499077927,19.203721134899812,15.869548058313569,23.283011355498193,27.11221865926798,14.599909640845828
2020-08-03,19.897578600648863,31.895427690427198,11.498254324790596,17.068993390266638,27.152444446061352,11.64056859531636,21.95089064574203,22.9228405442547,15.212828937338674,23.225192850332412,45.223086544605614,14.88946651001882
2020-08-04,23.10092801009857,28.147535336767742,13.769776355689405,21.281396861813658,26.439362068985673,12.114173263936225,22.747734538883112,22.1089343257443,14.551275647560384,32.3098612565761,13.155965922129921,15.193767959664374
2020-08-05,27.14003948025303,26.413153413970992,16.407201266403938,23.607044686296163,25.463674167015906,14.767961862445656,23.385248049226828,21.334736940552947,15.89622713138887,29.74209245860542,12.044368318256724,30.69069345350223
2020-08-06,29.68292673630314,20.617619683301914,18.60608180846756,27.000046709917214,22.61921485347782,16.742306672893687,23.989374892591453,20.25101515243679,15.253285815834701,39.85447576050358,5.552458972249329,17.656571478306542
2020-08-07,32.24121176605043,18.208634063346704,20.030526592338095,30.74817836429172,21.81221665737089,17.34495876721782,24.26249530938185,19.8650897827084,14.924650221651191,36.07443650423463,15.067290559491944,21.7221335601985
2020-08-08,30.80652800575171,16.313898736768426,21.24069802952905,28.648692033512734,21.986399841102248,19.384695185501414,23.527128852500223,21.170363706007677,15.387394335060607,16.05177404883882,35.74940991171421,20.940323695973586
2020-08-09,28.939690870556387,15.624140289456587,25.033810947935756,28.604786922812917,19.499964844859782,22.178898458480283,23.837102515479046,20.77024405389131,17.245497251966903,22.975675580599482,9.707173685570742,34.159332551697915
2020-08-10,26.07095362022601,16.519083282256556,23.619590321544138,27.486674545187363,15.212777894902144,23.39380378322386,22.678514012147033,21.18261117048175,17.517186189270106,15.39840620695353,,
2020-08-11,22.625073085156615,17.659287774383163,25.105232466020368,26.682810093289245,14.705663064673116,24.794699132648375,23.98210347755145,20.572512566829396,18.4544361982923,,10.113276940755755,23.599140056211475
2020-08-12,17.555389303847637,16.779664280282574,26.042294617231505,24.358411580021464,14.623067775478594,23.92464725123851,23.982728133158812,20.043370971247253,18.99412434958082,15.795701378998716,11.548796583089583,25.470382165043052
2020-08-13,20.08357770172064,13.933140567326049,27.020674961257228,22.076753559992667,17.758210456751726,25.124192850200163,24.53840013495494,20.375674362681163,20.61086952395821,26.164527640330828,24.363315059888116,24.853845072076464
2020-08-14,17.753395874266467,15.341796194577817,24.972391452661675,18.340172187750696,18.296394436203684,25.831537009719696,24.54417527602121,20.347290731884556,21.261841032987913,13.6549482707828,,25.9661985173157
2020-08-15,20.03702196206762,17.30259624886269,26.217969032912116,19.753694939303916,15.783511736204304,27.541529619376416,24.543308759262512,19.4018631307281,23.149388001136025,24.532910558158132,23.184996411717318,31.20027935391388
2020-08-16,18.12404933616247,19.784767384331676,26.872676277087276,17.669775481294312,17.85046929561649,26.217969032912116,23.55785856518895,18.812675032675077,23.861844531160212,10.472158832541872,20.04196148263169,
2020-08-17,18.706136325453407,19.052161284592447,27.34010764776868,18.12404933616247,16.31178644370252,26.217969032912116,23.58558070809366,15.762282169302333,24.67751526035488,,8.618372184132667,
2020-08-18,16.94263325133275,14.86015042958388,25.448218175243394,18.288460337443425,15.892118893552203,25.33377635256994,22.485635215366333,15.298890979112663,25.03973423261272,19.110515343848196,7.595271639853842,19.178176654500596
2020-08-19,18.20738944492422,13.836861111756113,25.189228004207237,18.774838948468417,15.591270103111446,25.299624899451658,21.566625264244944,15.107168939295024,24.47463831052377,18.713973045148695,9.743703840445043,
2020-08-20,19.452313103774227,11.499827286765811,11.665511069216063,19.332851874006305,13.836861111756113,20.124375002415427,20.704802716999485,15.975778936299179,23.12426571108627,29.512605193558144,,4.152845483931529
2020-08-21,21.844537859232553,8.652449221477184,12.067220398479904,20.3972034712717,13.836861111756113,16.8504851373384,19.3686878295112,16.066627773979896,22.239116260767176,20.04105785437517,,12.87063905700759
2020-08-22,21.844537859232553,8.669487740149442,12.872478153706894,19.570062053894414,11.499827286765811,12.872478153706894,19.67022544593596,13.879651980898306,21.673909033108608,,,15.288251419387862
2020-08-23,19.24748772473729,13.497058818297385,11.440103380248003,19.220093248559476,10.80194036514532,12.987718035098519,18.37446537550575,14.71778977096264,19.60284353400532,8.722314805867164,17.250413796149726,13.448677560665024
2020-08-24,17.205896990291375,22.211387200094833,13.381608412631504,17.774679391693734,15.440437470122138,14.347703119609683,17.933483911906794,15.96324685427037,19.743278534747155,10.547610107365019,27.17236060403994,21.14762854216551
2020-08-25,14.5445380705238,21.92372756465061,19.43409522173905,17.734121753467004,18.878721633599216,16.8872202654378,18.011291045455213,17.08675998957101,20.726563941406955,18.86716951448785,21.34840829376216,34.415279529469274
2020-08-26,13.446977944846676,22.23255499570001,20.113751815742916,17.223595804553337,22.23255499570001,16.798891945664813,17.999217376510874,18.24778406014687,19.890067565223664,15.650817351666674,23.15903728884821,16.268922027026896
2020-08-27,15.018918726604326,22.866367094252766,19.79247602931311,15.855941914566133,22.866367094252766,18.160181517565857,17.59439689428622,18.351614103004437,18.874433693874792,21.306681853634924,25.401615488463786,13.681872487238854
2020-08-28,16.593069706788615,21.76480106370453,21.09074350473102,15.018918726604326,21.01240318577873,19.170092357672576,17.952528587331983,17.750793152132083,18.3265988230056,,11.742583643408548,19.940014937754583
2020-08-29,17.412718049919953,20.077683940776886,19.27132500387659,14.820132852152,20.68731344343916,18.70756158888764,16.979191580216735,17.34640938646703,16.58571306700373,13.826203479890369,18.736774989401717,12.05053603789335
2020-08-30,18.37159317282003,19.76000285253057,16.912257600753033,17.15019205218883,21.26013005132073,20.017742296485704,18.091056232357307,17.076854176850564,17.08856552090771,22.70267000608816,,22.619942513851484
2020-08-31,19.44737530062842,15.057813654855835,17.669674765007997,18.717914678111367,17.456450033672287,19.861796483076596,18.24629703490255,16.650045008252228,17.316830315322633,19.953945862900227,4.350280498149291,20.056007848301718
2020-09-01,24.57584032468381,12.94861067707061,19.636238358671118,22.543476750672806,16.725849247599076,18.304569472517336,20.138799252069905,17.58699820199913,17.650408300019087,41.820541949856484,16.964803577322883,23.51469045555446
2020-09-02,24.916388333957958,13.350619688291298,18.57041684079996,24.31477058723745,15.439211639349244,18.06771023271332,20.769183195895394,18.458475353282918,17.433301089189065,26.27858037105454,,14.610907348398793
2020-09-03,27.01106931983876,11.457716647480419,18.2570233985865,24.813591679847363,12.970501715050304,17.610809709797206,20.334766797206747,17.918434404651535,17.885495613681535,24.299608409294397,13.05806586696908,10.483568826826048
2020-09-04,27.928308475300014,10.198179435376158,16.685687014441005,25.167202266068376,11.90589854618127,16.871273374849977,20.938750791291685,16.87308289505261,18.020682866261275,27.288865783394435,6.4195677990633735,14.763260593123995
2020-09-05,30.842832201816826,13.286678313081495,15.605028229161121,28.124396696867507,11.499398750095056,17.243013072565542,21.983967230075734,16.859015654545782,17.975287330726594,34.526564495484294,16.704276008970645,14.652713921902308
2020-09-06,28.358179483621193,12.572933187061452,14.75642876770414,29.08076931869467,11.934469470619666,16.764691734625266,23.57434904184582,16.5972997609702,18.39121701555549,29.397278358878303,14.109823073242708,19.271693148269545
2020-09-07,27.13305473589574,14.191196292706957,14.792809122530475,29.109199428627104,14.653464173476278,16.216139049012526,24.31322185146599,16.05495710357428,18.17918535966241,20.152956632427287,20.66424871528898,
2020-09-08,27.84141631754608,17.132331105843203,15.506636210439659,26.990642341755542,16.453286899364183,14.520170169497247,24.76705954621417,16.58956807348163,16.55792364035422,,27.76373993265031,13.338877178462786
2020-09-09,23.617643396600258,18.738793514724666,15.389742885179807,24.343174629848306,16.167371605665114,14.467633493444879,24.32897260854288,15.863971619700168,16.40613635305096,10.393774099611145,14.451879843470685,14.295687292084587
2020-09-10,19.98133636363891,22.008740512484234,15.635419206272305,24.351887873959093,19.023935195779313,15.264446426768643,24.603726313534516,16.50167124547556,16.63315834186864,,33.05401099776849,
2020-09-11,17.61979175018376,22.11501947332411,14.32297275734139,23.356643620982776,20.1984566355477,15.378665068439204,24.412802830616045,16.74322409831169,16.24935324717882,22.312644518512855,14.641217877442081,15.334353801476794
2020-09-12,16.531320553690836,21.277163141412366,14.552312732087536,19.828839330475617,20.165698213656214,15.496188815323938,24.667914460870886,16.554740103839062,16.51516963204821,16.887543042948508,16.474967055730254,15.240332656325979
2020-09-13,17.692097468755943,21.41065495351994,14.881867644302062,18.18426930149021,22.21160905936271,14.573269551134207,24.54056097819281,17.46831386455823,15.851599158170657,21.174428213951266,28.43119899318819,14.657096827320887
2020-09-14,19.660605628224907,23.878418314134553,15.077261095041221,17.807239322502152,23.086815906684823,14.573269551134207,24.400049384408376,19.19449972212703,15.469380186340562,18.267806737487,26.79069664654375,
2020-09-15,19.660605628224907,21.58452014322607,16.76022971813424,17.807239322502152,22.30732856902391,16.26732123292431,22.81636824209491,19.380307734194044,15.314329743782276,,,21.809135587413294
2020-09-16,17.848101951489994,23.535271468249327,18.496471429003872,18.741010464894565,23.63938579136798,17.864047903498456,21.796736373051157,19.615993537527974,16.011458225287416,15.06262981157321,22.444223177535115,22.279320644955323
2020-09-17,18.16828825433716,26.820348334972252,21.357839996768806,18.741010464894565,23.066263045510222,19.334341074146334,21.54644916942683,20.889624972578194,17.48438896170193,,29.615274522621952,26.685806927385727
2020-09-18,17.256845445015884,28.54345257040768,29.135550158877347,17.966501518389485,26.51332938842486,24.40660501985938,20.661572569686133,23.11301329072177,20.302995951032027,18.440099785987446,35.323615934929904,45.76793747575505
2020-09-19,15.07424621891768,30.366206761316228,29.61715914194964,16.93299472163826,29.447787114166143,27.123815422844842,18.38091702605694,24.449739244660798,21.838530601244432,11.72000905919238,34.08171341017793,31.543595074238805
2020-09-20,15.07424621891768,32.775358259384156,30.572162022752128,15.872636348560007,31.777914657244086,29.11165761686232,17.15687687796568,26.626827027615658,22.503299405167724,,42.41196425165586,26.584149991425736
2020-09-21,12.59434386675209,40.93582754371196,32.5163751185818,13.21141535295737,37.85389348268249,29.524333117896806,15.764650891593359,29.9023901725299,23.29472329841239,7.622922755076446,63.24656959917413,32.000386124103684
2020-09-22,12.59434386675209,39.37703718306033,30.348295529425673,13.21141535295737,35.56352623077982,28.672372174209915,15.764650891593362,29.445281156123244,23.503600948674247,,21.821322719363828,15.845408981605102
2020-09-23,12.508018873591704,38.80628514550415,24.5076370982218,13.991039101690639,36.99575945501037,27.855989984892823,16.629912081248378,30.831279302560038,23.692680784311836,18.181124806506283,32.469855747149,16.564645319735664
2020-09-24,16.363293157721206,34.2055796621322,20.28045090210596,15.849997663668688,34.34760395082413,25.530541008646235,17.29550406428163,29.140831225294626,22.670756423492435,23.285831911580885,11.078185993318215,10.407664093659626
2020-09-25,16.363293157721206,29.32990087440755,19.70600192042953,15.202472133089,31.87759743341022,22.37967923825888,16.73804401381149,29.401781412647747,23.31518344515142,,18.033570313032588,23.711905083043558
2020-09-26,20.529975092317198,18.83011860217986,17.41592248498812,17.30321200800701,28.544160980247035,20.809164077210003,17.097535737802147,28.961219195902004,23.72361854442608,20.12296855886443,10.747658238035648,20.54998894689665
2020-09-27,21.557578622596935,16.63004008387822,20.62282154544303,18.770647449092834,24.031156105418436,21.56570040470342,17.48264251552269,27.60658312933797,25.048449887238295,24.64038921343614,10.820930127855656,31.87990428387965
2020-09-28,24.143727156886907,17.872136207059704,22.744239390383168,22.951206686810785,20.521694214544482,20.875893036179516,18.622410538431485,28.52117079983894,25.20011307703816,28.525718943666174,38.68033636305641,27.171734544436365
2020-09-29,26.115821096876807,20.38591836700065,24.609818202764373,24.3217068509324,20.782519082210065,21.431628632459592,19.877590251742387,28.173022656494943,25.052000403334752,31.17420767154049,23.64709679302295,19.735558155565638
2020-09-30,23.51129911746911,20.974005380492667,23.781822762464923,23.47372124982107,18.834629638053578,21.86124042700397,19.680648390568898,28.61369953949185,24.858615205948404,13.09321119983832,,19.571927881546323
2020-10-01,24.586290831426787,23.727938673672817,23.637672799543555,23.842403785999725,20.615497207626586,23.207179718236855,20.20949191221289,28.0097085308868,24.36886036344155,25.49792712865281,21.763391410756252,19.829239132289786
2020-10-02,22.876529005568777,29.158941619334648,21.9468394177122,22.735143257163493,23.034059140538314,23.16629861704818,19.995990121136405,27.795964375161653,22.772988927653532,16.09158008414609,32.54494191050296,23.425737374722885
2020-10-03,21.259277033073424,21.634902809338236,20.595745812721354,22.78035618892421,22.6734796213775,23.14719541313183,20.78866739586341,25.834615737691873,21.978179745170912,20.439459081189415,8.584181123070785,20.416266519482157
2020-10-04,18.78054437345666,23.30687472233549,20.810792727010288,22.47035068483888,25.925822007570222,21.691743934673863,20.78866739586341,24.90561729102695,21.623874341612854,,30.334984445011965,
2020-10-05,18.15771507511572,23.30687472233549,19.9793196436142,19.483046528640283,23.374919136472982,19.870794101928126,21.05948296417233,21.710537932014685,20.41200122037118,10.601894006474568,,16.246035547961974
2020-10-06,16.11998912012972,23.735350568319017,19.093392148740442,17.17851580150167,23.340958736806463,19.29578926813298,20.750111326217034,21.84853560495856,20.445856618155002,17.347023308708806,23.477294794690348,16.285529152794755
2020-10-07,17.48834044655716,22.158124518971558,23.217786494170323,18.590478166504592,23.82347189952424,22.68768708061566,21.032099708162832,21.329050768788907,22.24267734405552,21.564985389855845,26.23603771311313,39.92331475644241
2020-10-08,18.477870187408005,22.05959936635647,22.637033337978938,18.407086652494588,21.561253416499937,22.3983562076868,21.12474521924716,21.08837531206326,22.833876559521443,24.397578044592805,8.190080512610432,18.093253894716614
2020-10-09,18.160644772244552,17.13560612546233,20.309765809251324,18.540447157068698,17.91026501165535,20.32751592762313,20.799129672504357,20.472162076096833,21.856091221928935,16.891743111590735,10.639011481435425,11.000695694340877
2020-10-10,24.00499753023384,16.422260604842563,20.37274273934035,21.77114694294063,18.741047911537464,19.684958207443955,22.31456730616255,20.707263766457483,21.54923977973743,39.823657796420996,13.568878522363487,16.56092019840711
2020-10-11,23.72667879283777,16.855125956589454,21.358021411088373,20.940330182767465,17.958820762939602,19.903095965171225,21.646493491415807,21.942321385254914,20.728625797249364,15.955429621728475,25.6416215534248,21.21192251153486
2020-10-12,24.26710214358325,16.266239571116515,14.55614966353167,22.66340287881628,18.720647194769438,18.427084603842214,21.073224703728282,20.659927170479246,19.09341206449725,,23.29160578574843,5.913956018658889
2020-10-13,24.223610176580067,18.465601790437773,14.771038749833735,23.72667879283777,18.10773245398749,18.838823200046814,20.154953524836262,20.288243405162063,19.04973061608658,,19.186891609216737,19.167699326226945
2020-10-14,27.120695884777195,23.720152175624644,18.043916455517508,24.530281762103023,19.63283612459558,17.044790266663572,21.290388891776605,21.566975713024195,19.649204180795305,25.58300023618211,36.91176340736976,27.365084222759727
2020-10-15,20.769214928955293,24.49848984756597,19.070930551063853,24.56345769148058,20.957191320232678,17.55946694972389,20.869635068088986,21.235989210817568,19.792800453399078,,17.460566882070125,21.69599067613883
2020-10-16,32.210106169892,23.17362837663179,20.201488367448242,30.049824939483372,22.15409170842104,19.825754935311885,23.144198270034565,20.19540246375995,20.057336931763228,38.8372121036019,19.017314198753905,26.864711593456818
2020-10-17,32.210106169892,22.54229062362803,23.372893225599537,26.791880653837495,23.092097208187628,20.570049236884493,23.444724846572914,21.0839206097337,20.161545684835012,,20.13491702072962,21.770980309415364
2020-10-18,32.210106169892,22.538729029486085,25.676247248496104,32.210106169892,22.167448934627945,21.923270226766626,23.444724846572914,20.22500516307948,20.913183095968925,,19.169083638507022,30.684469440709798
2020-10-19,38.8372121036019,22.93607981749194,25.2540380049302,32.210106169892,24.39700772914946,24.591489261451247,25.05007870158521,21.55882746195945,21.272194445815614,,38.89851734739903,
2020-10-20,38.8372121036019,22.344022880634707,21.37681369922207,32.210106169892,23.727492098944776,22.428054949297803,26.15051518628184,20.917612276466137,20.49539169970112,,14.500282197783976,6.187093453306282
2020-10-21,,24.328773982093985,20.099841398170703,38.8372121036019,22.588821570184848,21.493344643713076,26.914770152352833,21.110828847390216,19.09796920991719,,28.941069706050268,21.75682238925137
2020-10-22,,27.338332083655985,18.54896703407589,38.8372121036019,25.120555948251916,20.47192667319596,27.41820857390484,23.038873634242304,18.90367912978792,,35.18270752853963,15.567482853036106
2020-10-23,,32.87608740726588,13.239995141497921,,29.097776813652292,17.569238386019475,30.04982493948337,25.625934261036665,18.784285758715388,,46.85786025655649,9.448581870397932
2020-10-24,,30.302189544269236,13.239995141497921,,29.939792672464602,16.728890001340297,26.791880653837495,26.515944940326115,18.96956622207441,,26.029028032415813,
2020-10-25,,34.25266638089055,12.99139048907922,,31.73491084479087,11.630531081924634,32.210106169892,26.58320058547237,17.634628916415796,,,5.192674843631481
2020-10-26,,34.49341816257059,11.499432154741086,,30.2358374256861,12.323607410253665,32.210106169892,27.09185220447406,18.457548335852458,,29.90407683277042,15.788989051898827
2020-10-27,,31.374939620700296,12.656693750286856,,31.603922619565182,14.658513373905814,32.210106169892,27.362767723846503,18.543284161601807,,22.708793361058465,20.196529235219177
2020-10-28,,24.893030428329872,11.901791271209989,,30.26878158306927,12.103871634712332,38.8372121036019,26.133418499208425,16.798608139212703,,20.930223487074787,6.428971954090466
2020-10-29,,25.684990225998288,15.332411437055242,,29.27114153216091,14.35177317594569,38.8372121036019,27.036210833132994,17.411849924570824,,29.196867223089487,29.054892100436252
2020-10-30,,35.55573443642114,19.111310806685204,,33.967950035753596,16.791538146176254,,31.345549070006733,17.180388266097864,,75.03871127811257,24.08717169178131
2020-10-31,,36.96864883733383,18.125712630671575,,35.55573443642114,15.94431814984117,,32.279768407446504,16.271223087965808,,,10.860998171830675
2020-11-01,,37.140828797477184,19.4344346595823,,33.52936423062293,19.02252736928993,,32.6321375377069,15.94252891622106,,23.397513201631885,26.740139379772803
2020-11-02,,34.37747082337298,20.238427119549023,,30.191483356937535,18.259662398150677,,30.21366039131182,15.519944711428984,,9.876791590657993,10.448934253924085
2020-11-03,,35.55168504300033,15.26737244302067,,32.05563848036093,15.974389467090008,,31.829780549963058,15.36706203946654,,33.89372410159888,4.199618717794482
2020-11-04,,19.74552822390245,15.885557052375606,,30.536281899468637,18.938549864870797,,30.402531741268955,15.784082989413045,,11.81408400172104,27.178094738555977
2020-11-05,,19.232277836390338,18.02320978409989,,28.533350076677376,17.866316969158778,,28.90224580441915,16.24421983382966,,17.179276286341892,21.54926183045211
2020-11-06,,19.16017118201629,21.89612941744848,,19.86639485195222,21.011683519835124,,26.917172443852905,19.063924116607954,,23.036979929761625,46.10473754651575
2020-11-07,,25.55101921093289,40.45466331338716,,23.004200120993477,34.20891288580467,,28.23400608575501,25.07661551782292,,41.83103173524101,103.24160373361747
2020-11-08,,27.613634768394434,45.20867011898348,,25.97695564774701,34.384557652376564,,29.462682685997436,26.70354251083325,,44.20680188890658,27.96965274577611
2020-11-09,,24.396357216894682,50.26262254394629,,23.955656312541908,40.38440373944028,,26.833730333032197,29.32203306879548,,-4.272303755777698,52.447856863370035
2020-11-10,,29.79448439192649,46.82674492196863,,25.423683178242197,40.408725882693034,,28.48458562537392,28.191557674891524,,44.16991216150092,4.3698737205638265
2020-11-11,,25.04448551770015,47.00724676583185,,23.634097686372037,42.61383107338255,,26.8197211693397,29.86560273033776,,-0.7130144413700692,
2020-11-12,,20.847848963314934,27.368416448945958,,24.70990125304373,43.136667845986175,,26.621625664860556,29.52955583538681,,,24.686282466073845
2020-11-13,,6.019323788919548,23.264709158717054,,18.3525214633043,37.37834885237696,,19.109458157628257,28.565529057931364,,-15.107298808674956,11.554823584860515
2020-11-14,,11.656702079744399,13.536993257166062,,14.426884408684414,24.20569787612887,,19.045439023004676,30.040906631773083,,18.2772094075217,
2020-11-15,,9.732026424347293,13.892180555294978,,13.1376190171854,19.698854449963754,,20.051107972103186,28.265514651371234,,36.4712095399125,5.4354356149505705
2020-11-16,,11.320149670749778,16.67385058265475,,14.789582733854997,14.213055210236567,,19.725160814686408,29.479675185605398,,5.639478544239875,25.018860664734078
2020-11-17,,13.961361687862425,19.417149813586306,,11.515632332990343,20.470976344083812,,19.004582788125955,32.101330241605865,,24.526209756313005,35.659479389800055
2020-11-18,,28.94269675125966,20.71864242015254,,21.601030824603892,19.852612621924084,,22.69575913478674,31.23322184765331,,59.79937650831122,16.76079401112545
2020-11-19,,31.370080952443168,18.66375798878314,,22.860045051580368,17.478935588129367,,23.713824836871147,30.30780171705776,,30.414130413439228,10.444220263305526
2020-11-20,,30.09479880557583,24.120282692970736,,29.187935694956256,21.006141513300708,,23.770228579130276,29.192245182838832,,,32.718059135888566
2020-11-21,,54.86688673632419,22.785504579745417,,43.596372504908196,20.625974168344534,,29.011628456796302,22.11752571325468,,104.72783026723332,18.344970098607497
2020-11-22,,55.99918733276408,18.772456860738284,,42.36040627193486,22.077232051175084,,27.749012644560135,21.086241384003696,,29.055412142072562,15.594240794764394
2020-11-23,,54.7324576075817,25.686915224829892,,49.70459181747386,25.836407075010708,,30.66004140822721,20.993343798021485,,,51.33308583158348
2020-11-24,,66.89162120465294,27.74932529032452,,55.99918733276408,23.707377246579085,,29.309054332899837,22.35887687053939,,,20.75627059077867
2020-11-25,,63.88020190321978,24.48228930141518,,55.51368403077464,23.653389415181426,,35.16609210707219,21.89918474137035,,57.85736330035344,16.38287919134186
2020-11-26,,31.783182496152325,28.263926735232296,,50.01934443892257,27.483237558665362,,32.736153919704805,22.865867418417984,,8.43677204603097,37.25315726769308
2020-11-27,,35.7781982712551,35.069419292790585,,48.22356744461423,29.89804390818926,,37.840495581164426,25.794088956702236,,41.04045946738089,49.62170358255583
2020-11-28,32.785567428789534,62.704590598682465,46.39367771867059,32.785567428789534,55.97475490736049,42.69938788852869,32.785567428789534,49.22290996056833,31.662681028436616,32.785567428789534,143.48376758096455,107.95437796098352
2020-11-29,21.089547478649273,57.802398014953155,57.3138347329604,21.089547478649273,57.802398014953155,51.236932869594874,21.089547478649273,49.37949342785228,36.65708246038498,9.393527528509015,38.193627680035945,75.35705566222772
2020-11-30,20.793119505889965,59.206894795892744,67.54657361836503,20.793119505889965,58.981972879969526,51.22090737593012,20.793119505889965,54.76498148792604,37.55233029081967,20.20026356037135,64.87984720505138,
2020-12-01,24.15245599345961,68.37774307905158,68.14941279838476,24.15245599345961,58.311835820234606,54.372281275428996,24.15245599345961,57.4708727338817,37.86040987527904,34.23046545616855,54.291013461825145,39.664513987771976
2020-12-02,25.37419935927332,66.96344423970966,58.15896686385943,25.37419935927332,54.89920753028001,53.251788050947766,25.37419935927332,55.122653530459885,37.31418878553512,30.26117282252815,33.968965270671205,9.659919844454494
2020-12-03,25.739706736188047,44.81316208246141,31.012172951316195,26.91401685162163,58.37000535152178,46.9374622248007,26.91401685162163,55.33340138330389,36.46211048149706,34.61310431336317,32.73235679472335,-0.6327976891894023
2020-12-04,29.826251538107805,40.84963817763749,17.422186546691925,26.91401685162163,55.132226592741134,42.16669663499649,26.91401685162163,52.25361861435493,35.56049901286952,,18.376008155916338,20.997110043730633
2020-12-05,34.49014037338584,34.84208592078401,26.393988011696138,27.925725430403958,40.40696976137057,34.55449928678473,28.61998857303047,47.483235736820525,38.940208533877644,38.85581890148351,,62.281193871712986
2020-12-06,34.576698679124945,20.464649063569965,33.30633739123678,31.632165010782945,33.5049094868594,34.36603349065931,28.61998857303047,44.54922245417474,43.450363925470775,,-3.218733967031024,74.2262608854752
2020-12-07,25.2034149781789,14.70221989132807,46.92379428762331,28.020376642646674,24.5114763829681,40.563343610049,25.31015521636291,41.746724631468815,45.48221919430183,2.141321719690015,10.919248581703613,77.74720432638713
2020-12-08,19.803919549635115,-1.5939185811760703,49.867687834259144,24.857207156959333,10.054274623448377,36.9093659037944,24.543984417626124,36.039115267871736,44.96917299839499,18.414618027731827,-32.45219709529321,14.08667004398975
2020-12-09,19.08821466815273,-7.428367512798125,57.08533228189127,22.193192597194816,3.5658158165745326,41.45094024701772,23.783695978234068,31.20687289318517,47.35136414898275,16.941100023705573,-4.961787570571879,
2020-12-10,14.161949818267818,-7.428367512798125,47.65017844611831,19.100723634910956,-2.267492379055232,45.64650294998614,23.36251993493496,33.104381297114685,46.29198258739341,19.150759501943853,,24.54057852862115
2020-12-11,14.161949818267818,-6.0571854061241535,30.832032387091942,19.100723634910956,-5.489495118305527,43.30593071759265,23.36251993493496,29.873175879805018,42.73631367629457,,2.265994459664862,6.953676649369724
2020-12-12,18.168825851127085,-7.976909737071322,15.453446400052576,14.161949818267818,-4.034520722268783,35.63120846867877,22.4202151855495,18.186224519550887,35.09285387773175,,3.240351257914938,16.232860378229674
2020-12-13,18.045929762824713,0.8661995664128056,17.292589271876764,14.161949818267818,-3.0113583746563957,26.834038576313997,23.867624925220664,15.246775556101502,30.600036033486646,,2.9202401186433016,21.443241531286517
2020-12-14,19.150759501943853,1.1460057664829948,15.965008752033546,18.168825851127085,-5.471660266655518,15.651952300692914,24.326045095826835,9.519908058156293,29.065778390346185,,-3.8425627702911216,10.654686672660668
2020-12-15,15.994690372657601,1.496612588139114,12.555393582671883,17.362183299435674,0.4202125616872819,14.55292440699676,22.04657321038796,5.237243592567829,26.591008289887796,15.994690372657601,2.8990398747635906,7.492502681812832
2020-12-16,11.395759762811128,3.7130649916450587,13.695488576991446,13.980759675855369,3.4718865696483596,14.28167115184973,19.113530251692527,3.518851193111446,26.821333811158027,6.796829152964656,13.348256477194585,12.654151620967536
2020-12-17,11.395759762811128,7.4625896390481925,16.44972079166835,11.395759762811128,6.117041987545824,15.062162997991594,16.899305385739577,2.6234860014620502,29.178012206604457,,21.98797449493061,30.004021451614204
2020-12-18,8.90974505615179,8.598177019149416,18.877128048563172,8.90974505615179,6.75888324219265,18.865963164618865,15.279106667876269,1.1914385328752977,30.145948189068307,3.93771564283311,,33.580277815760624
2020-12-19,3.090164888065774,12.745090282296262,16.612123301647017,3.090164888065774,7.4625896390481925,16.451220673168898,8.626057353166795,1.1914385328752972,25.303522732634992,-14.368575616192272,,-0.6703370619201084
2020-12-20,1.4526686222832583,22.90833197905886,16.61474813497986,4.361072972358127,13.556294608329813,14.460132861338973,8.71701823720688,4.519392981246426,20.17116626825052,9.444705309527539,33.388764965051394,7.505626848477052
2020-12-21,1.353875670857115,29.007046393383657,23.8714641315677,4.70117036817512,20.65368710642183,19.929139280088407,9.19038886249244,6.403497630197822,17.955052981905872,6.401657347260083,31.644399720168966,48.93773160390671
2020-12-22,-1.0871013568571504,25.179821216755297,23.190371514596173,0.22688706144648396,22.175138924478215,22.658575806508942,5.938652474109548,10.308815453864979,18.917505929811014,-10.851009467714212,10.506298965045533,26.598558366756578
2020-12-23,-2.3433056067797153,24.618063366256262,22.19832612297816,-1.0871013568571504,24.09204559199113,24.93941855460937,4.563346530410045,12.844686125258711,19.61054485322955,,22.932789814759165,28.620050857670556
2020-12-24,2.4318961838589526,24.55188775967942,26.669432341050616,-0.11721253965389211,24.55188775967942,23.751014637013373,2.7610305359623633,13.798227725934822,19.406588817502485,4.732231546362399,24.28718533337205,21.685194028442194
2020-12-25,0.09429314196942358,21.369507822772857,31.20480350625305,-0.9281981761512924,23.372717346485942,23.26561533111746,2.7610305359623633,15.065800294339297,21.06578924786816,,17.476865280518563,30.18248267448922
2020-12-26,-3.059388960675906,20.09128011414517,26.771571481839636,2.4318961838589526,23.641366465135174,27.254940729957053,2.7610305359623633,16.9002094542656,21.437553007071124,,25.253261177030556,
2020-12-27,4.9001708790525,27.767704197799524,12.280677848354259,1.337747409412718,25.855602810601738,20.77650022734672,3.017372722160167,20.730891059655104,17.37537933795793,5.068110211742601,48.88841938331731,-31.365016167184933
2020-12-28,10.10646160820045,39.51890362088376,5.508638591373563,4.867093839221785,33.0048009834605,12.875527264986898,4.767539756593786,27.85850353469439,16.67362604234925,20.51904306649635,81.68878693018031,1.5318938297477729
2020-12-29,12.793576639119475,46.008028289798844,-1.506070309918491,10.10646160820045,39.60858808530363,7.380160607739797,3.5200785770311396,32.34465093495971,15.606999560923184,,56.732808677947496,-6.373641576726022
2020-12-30,14.825930419400294,53.14081904211892,-9.74547039245366,12.30250570114082,42.38788779706105,2.1476325221861283,4.86383511336417,34.07159588566563,14.420132693490954,18.890637979961934,,-2.7751176556514596
2020-12-31,15.120805485573083,63.216579531611,-6.378528190283147,15.120805485573083,49.26607409733219,-0.28502637948775256,5.977994670436898,38.03235303476275,12.657457244782083,16.00543068409145,65.55630313499887,7.089240618398907
