,r5_18,r5_19,r5_20,r7_18,r7_19,r7_20,r14_18,r14_19,r14_20,18,19,20
2020-01-01,,,,,,,,,,,37.61076192112943,48.367740784847214
2020-01-02,,,,,,,,,,,57.34768725525328,81.6560857923231
2020-01-03,,,,,,,,,,,20.696719327885123,74.80204770618695
2020-01-04,,,,,,,,,,,102.7397747914264,58.0040107794969
2020-01-05,,54.59873582392356,59.994071840118764,,,,,,,,,37.140474137739616
2020-01-06,,46.32929736111879,59.63220911211537,,,,,,,,4.533008069910338,46.55842714483025
2020-01-07,,42.65650072974062,58.37954548423487,,44.58559027312092,60.27450771404924,,,,,,75.3927676529206
2020-01-08,,56.282792319309586,61.34149294113301,,49.37855670821344,66.16651402916787,,,,,61.57559409659202,89.61178499067766
2020-01-09,,32.28178224941063,60.83422810771022,,44.05636817350869,62.42531414631928,,,,,30.736744581729557,55.46768661238292
2020-01-10,,32.28178224941063,69.11228611217557,,49.89628038491458,62.95798792544492,,,,,,78.53076416006643
2020-01-11,,40.96810155116919,72.9104662611012,,31.859328180854476,64.03589036972514,,,,,30.591965975186007,65.54932788945844
2020-01-12,,40.96810155116919,65.56199115784433,,31.859328180854476,64.25159294099606,,,,,,38.65039213663617
2020-01-13,,30.664355278457784,67.45535484943228,,40.96810155116919,71.75447527010853,,,,,,99.07860344861746
2020-01-14,,40.31496992439505,70.45227190869463,,43.23556963177792,71.14809320630651,,43.98558109919069,65.2930856335526,,50.037973873604095,
2020-01-15,,35.473079974224206,63.908099428565194,,34.28899612610054,64.93847474778502,,42.67208533838547,65.59972666852963,,25.789300073882515,52.354074239548716
2020-01-16,,31.5719578096417,66.3183669335647,,31.326959851027773,68.22559329729728,,38.398853363517176,65.10236606215527,,18.888599481438476,75.19039790945645
2020-01-17,,49.1023677680297,68.06588582683882,,45.400287409460965,62.74387722224165,,47.39850650966257,62.85916760088956,,101.69359764319371,45.64046770973264
2020-01-18,,46.3280665887624,62.646528235286766,,46.3280665887624,64.71918475440012,,39.89751618524777,64.3512570088059,,35.23086187169319,77.40117308240924
2020-01-19,,45.40058976755198,66.62941317469222,,46.3280665887624,72.03761155367975,,39.897516185247774,67.84513999300393,,,82.560952932314
2020-01-20,,64.4066007080391,76.99448425493495,,55.57561279660717,72.88774925237057,,50.70644238146118,72.27752480038332,,101.813343835831,104.17942964076232
2020-01-21,,81.92146318926626,87.13449970866023,,62.06062538539768,80.45956724175805,,54.53060308394977,76.16196384078042,,88.94804940634711,125.89047517808291
2020-01-22,,70.86029601978767,97.50800770839213,,67.33723020063047,85.14381607545961,,54.11793657081851,75.04114541162231,,57.448928965279364,
2020-01-23,,84.23468631499611,104.21028591705307,,78.9772007958119,87.13449970866023,,59.917104417898244,76.82055075700772,,88.72842305252695,
2020-01-24,,74.57774952323963,115.03495240942262,,68.01993491464854,97.50800770839213,,57.7382769577451,76.64952941670182,,35.950002356213695,
2020-01-25,,60.002921055982235,125.89047517808291,,66.97132485262371,104.21028591705307,,57.588025641777655,77.88288514195112,,28.9392014995441,
2020-01-26,,52.76663896839103,,,66.97132485262371,115.03495240942262,,57.588025641777655,82.78694676761546,,,
2020-01-27,,43.949155717489475,-13.357372681116594,,53.69893354026405,56.266551248483154,,54.637273168435605,68.73244975139872,,22.178995961673124,-13.357372681116594
2020-01-28,,45.86339969933792,-4.845086049556475,,54.93849180252633,-4.845086049556475,,58.499558593961986,61.50297762146593,,96.38539897992077,3.667200582003644
2020-01-29,,52.90573934851267,1.511386867751779,,56.05023046713189,1.511386867751779,,61.69373033388117,57.266339672890325,,64.11936095291269,14.224332702368287
2020-01-30,,70.03065356662572,17.45679268027515,,57.50196968704344,17.45679268027515,,68.23958524142766,56.166629918266864,,97.43885837199626,65.29301011784527
2020-01-31,,86.0586518248269,18.069788219249645,,76.53874343727976,18.069788219249645,,72.27933917596415,53.37566354775741,,150.17064485763157,20.52177037514762
2020-02-01,,95.51810805725127,24.32135168893974,,83.29492270798825,18.04156429393035,,75.13312378030598,46.76447150163793,,69.47627712379507,17.90044466733387
2020-02-02,,91.92177190649765,29.484889465673763,,82.59617921058317,18.04156429393035,,75.38470796844803,42.28991132280342,,78.4037182261527,
2020-02-03,,92.3509640753609,42.82831270879181,,88.89422575851972,31.53413068658986,,72.65024473470942,37.717235827063185,,66.26532179722899,67.59802567484049
2020-02-04,,83.65233371341496,36.44835147628362,,82.83141255599769,37.55179145422468,,69.9577568236263,26.95257207827938,,53.94570656226651,39.773165187812495
2020-02-05,,67.0227559273608,64.03900826626337,,85.95008782317852,56.995135593007724,,71.00015914515521,38.500552684589074,,,130.88439753506663
2020-02-06,,55.71905682583244,89.56178291500748,,73.75385821412605,66.1115577837519,,65.62791395058476,46.64965174236121,,24.26148071768155,119.99154326231034
2020-02-07,,46.133232149312356,98.83491819654614,,55.40215399119952,85.34583927501076,,65.97044871423965,54.765816067846615,,40.06041952007237,135.92745932270074
2020-02-08,,39.42253560000681,97.56957099338786,,52.58732936468043,92.57431344029663,,69.33692573375743,55.307938867113485,,,61.271289659049074
2020-02-09,,34.48800767805702,112.01867244478171,,44.73501027873331,92.57431344029663,,66.82069215564574,55.307938867113485,,39.14212279641714,
2020-02-10,,31.691893579941468,84.546084692978,,36.142656176406476,84.80698358246518,,66.91440509930587,58.17055713452752,,23.303551285594803,20.99404652785181
2020-02-11,,44.353854301675355,58.6402284131793,,40.33537958487659,80.90614240834904,,65.1247321513639,59.22896693128684,,74.9093236046171,16.368118143115577
2020-02-12,,44.908417421528696,32.267110226404384,,40.65926165397811,64.16457391510478,,63.30467473857831,60.57985475405625,,42.27867199948573,30.434986575601084
2020-02-13,,51.812463601943094,26.738165532010036,,49.85378958829798,50.69190185163166,,61.80382390121201,58.40172981769177,,79.42864832360067,39.15551088147166
2020-02-14,,72.32462273266789,51.55016093666649,,66.7942060766261,53.17034905706358,,61.09818003391282,69.25809416603717,,141.70291845004112,150.7981425552923
2020-02-15,,97.31919709872838,59.18918953887015,,78.43452279652197,51.55016093666649,,67.66485886658799,73.926971393192,,148.27642311589724,
2020-02-16,,102.9216654722562,73.46288000412169,,84.98325612987277,51.55016093666649,,66.68859892480938,73.92697139319202,,,
2020-02-17,,108.581322346941,68.68692466332824,,91.9188808319778,50.57277574174027,,66.56605144308175,69.24598001849931,,64.91729949822489,16.10712055322076
2020-02-18,,118.2988803547211,65.1688235595538,,95.32079227744994,53.019393627146826,,67.82808593116326,68.23034750780256,,,28.601207570148333
2020-02-19,,91.23715076107068,34.90356901940769,,98.96860381137078,58.93287209899741,,67.1635080891566,61.786527635055954,,60.51772966908992,60.00237893485398
2020-02-20,,59.42943008761005,34.90356901940769,,93.65352636575372,63.87721240337885,,69.76276085077785,55.966026072330536,,52.853261095515336,
2020-02-21,,64.36248466153262,34.90356901940769,,81.14527235240556,34.90356901940769,,73.31741802016222,47.08142237784495,,79.16164838330036,
2020-02-22,,79.24443753604447,46.085720587112654,,76.37900992848054,38.59107057863967,,77.57805910150472,45.790565221987904,,124.44511099627226,49.65357525633563
2020-02-23,,80.97515269174171,46.94502819634062,,78.29884382615558,37.10868254247819,,81.64104997801418,44.32942173957234,,87.89801331453069,31.17913039783227
2020-02-24,,94.23355633676361,40.41635282708395,,88.61425189215133,42.359073039792555,,90.26656636206457,46.92224120754129,,126.80974789419946,
2020-02-25,,115.41103400771674,34.03529720084906,,98.63230868616985,40.52706763435029,,97.25251018253654,47.467248741459485,,158.74064945028098,21.27318594837928
2020-02-26,,138.17682511020558,34.52683457773182,,117.55700500426335,34.52683457773182,,109.8118378405581,48.08574431176825,,192.9906038957444,36.00144670838009
2020-02-27,,148.60000305753596,31.894285825992903,,135.2295392381789,35.44614371206145,,117.90620054133507,48.08217424153585,,176.56100073292424,39.12338024937997
2020-02-28,,144.44898455557498,32.132670968713114,,133.5125781555254,35.44614371206145,,111.69286740422545,35.242678202316284,,67.14292080472579,
2020-02-29,,148.85879372091884,28.39948473241798,,135.02382268206762,28.955413865500837,,108.3670896122553,33.23792796022921,,,17.19992602353258
2020-03-01,,120.99553641951508,28.04813632553231,,128.25542383709012,26.693146250101705,,103.27713383162285,31.90091439628995,,47.28762024466587,19.867792320836593
2020-03-02,,87.48965438162793,32.929902082723416,,116.94831181208951,31.499040164608843,,102.78128185212044,35.84305331468232,,58.967075744195846,55.528509737144525
2020-03-03,,57.7992055978625,35.249240542625685,,108.58984428445123,36.0202981880438,,102.78128185212044,37.8230059665664,,,48.40073408898905
2020-03-04,,43.810582171217256,51.84333161836609,,75.02713361026035,49.72333972353508,,99.83622525676212,43.644737665213775,,25.177050524790072,118.21969592132774
2020-03-05,,47.72268802039496,60.504183017074475,,51.606734577261136,51.84333161836609,,100.3867039627965,43.644737665213775,,59.45900556792808,
2020-03-06,,47.86771061230467,72.86215096135405,,47.72268802039496,54.752720364964226,,102.31625447002342,45.97700370455388,,,69.29966409795489
2020-03-07,,38.18245745033283,79.97516732654239,,44.16041366797204,65.88282856069178,,93.72227313020599,49.097640062877716,,29.911316258280323,83.98057519789789
2020-03-08,,38.18245745033283,73.07190073006713,,43.37861202379858,66.03614112440034,,94.3046991117735,48.15296163608278,,,20.78766770308801
2020-03-09,,41.436604365426454,57.37597395725875,,37.371715905267365,66.0207209732253,,85.11767344936067,48.75988056891706,,34.939491270070974,55.435988830094225
2020-03-10,,27.737769991171167,57.37597395725875,,33.56987321324633,69.54471835007254,,71.07985874884879,51.25867098896595,,18.362502445162207,
2020-03-11,,31.111712893861068,49.654451752977096,,36.78117142867447,53.58349422197265,,55.9041525194674,51.47795540464306,,41.23354160193076,38.41357528082824
2020-03-12,,31.511845105721317,33.69727355459996,,31.111712893861068,48.01155558570877,,42.49783605130554,49.75327196418937,,,20.15186240438936
2020-03-13,,31.357769895905683,37.51090439457917,,31.068479168380613,42.4686434132171,,38.47034976927588,48.61068188909065,,30.895544266458778,36.04219106300484
2020-03-14,,34.49394572839121,32.972209534949144,,34.583054836727165,34.6854157788298,,39.3717342523496,50.284122169760785,,47.48419460001309,37.281209391574116
2020-03-15,,36.781725602227716,32.431654811234,,33.40481602069068,36.26571048104404,,37.394334421933834,51.150925802722185,,27.51362194050825,30.269435916373414
2020-03-16,,35.29778693566004,41.79291572853292,,33.097880970814614,41.22969232058215,,34.99736316390473,53.62520664690373,,,85.21987986732289
2020-03-17,,31.3576012583874,51.10386994267203,,33.33278932709607,44.869255342653965,,33.4513312701712,55.15069826241171,,19.53704422656948,66.70663347508489
2020-03-18,,35.92366087566568,48.89977697504227,,34.918037553824306,42.95613404894366,,35.84960449124939,47.38420078770574,,49.159782735571916,25.021726224856057
2020-03-19,,45.38932384806277,51.80441887090931,,43.32283904312049,46.7568459897027,,38.438388583416724,47.38420078770574,,85.34684648960142,
2020-03-20,,51.71107885609594,48.54526852598009,,46.97368866081751,43.62195323531132,,39.7440479824371,43.045298324264216,,52.800641972640925,17.23283453665655
2020-03-21,,51.71107885609594,39.25596964324494,,46.871587472978405,45.41886572611268,,40.72732115485278,40.05214075247124,,,48.062684336382276
2020-03-22,,62.435757065938084,33.692506509327764,,51.71107885609594,47.782756563286476,,40.72732115485278,42.024233522165254,,,44.452780939416165
2020-03-23,,62.067142258802676,49.60384772220691,,50.97965074770989,48.35729176479475,,42.038765859262256,44.793492042688456,,48.053938314165684,88.66709107637263
2020-03-24,,62.016539953590154,53.275406051993016,,64.11124981718876,48.56645941413685,,48.722019572142415,46.575657221799915,,85.19503957396384,67.96163937113744
2020-03-25,,64.77499911293495,64.86531216446387,,66.49449716020942,56.92656589316265,,50.70626735701687,49.404025669352414,,61.07601945067532,75.18236509901084
2020-03-26,,72.78289603030262,73.5116155362189,,68.7864452187703,61.836228079161906,,54.89720548659768,54.87651326864227,,96.80658678240565,91.29420119515741
2020-03-27,,69.8347423042303,73.91094509436263,,69.8347423042303,66.0100272496588,,57.365076680550594,55.67707001226766,,58.042127399941016,46.449428730134855
2020-03-28,,70.43033681747184,62.08751121096458,,66.70093706692082,63.365346867230244,,57.68759634240153,55.08235557132981,,51.03191088037338,29.54992165938235
2020-03-29,,78.02112769063561,51.13428672695378,,74.76494519161538,58.90002344032557,,66.3817210696083,53.76897718938444,,123.1489939397827,13.195516951083437
2020-03-30,,81.50338637036889,40.98002907844245,,79.11257012521195,49.72059283748007,,67.39052038458608,49.09137695777916,,78.48731284934169,24.411076856454162
2020-03-31,,67.98772463632659,29.037170172104844,,71.11731848781628,44.523202450670354,,68.19812320838814,46.389321049193356,,29.228278112194168,31.57990666346942
2020-04-01,,68.39863129133295,28.640192098113403,,70.97741009128734,40.1349414879799,,69.10952970333823,47.88492198267963,,60.0966606749728,44.46453836017766
2020-04-02,,72.74031139407283,28.362859817347065,,66.67254730943428,31.11623563946465,,67.63340999549611,46.47623185931327,,,28.163260255550664
2020-04-03,,55.93741721216956,34.57714374973779,,68.39863129133295,30.804451051307815,,69.11668679778163,48.407239150483306,,,44.26693661303704
2020-04-04,,35.78860664689406,37.04045029772483,,61.80042534596131,31.829835042308822,,64.47343173921195,47.59759095476954,,18.04088115351522,36.72760959638938
2020-04-05,101.64050676432046,56.58114192991925,37.57046257939923,101.64050676432046,55.49180335025873,34.83475663098854,101.64050676432046,66.73446942438342,46.867390035657046,101.64050676432046,91.60588396126973,34.229968071841434
2020-04-06,101.64050676432046,61.27606507741655,35.104546838763014,101.64050676432046,54.63062680388332,35.93816845963745,101.64050676432046,68.91176040799168,42.82938064855876,,74.1814301174647,32.134959656996564
2020-04-07,101.64050676432046,59.65127527363869,40.6666291577784,101.64050676432046,59.74035235390551,39.4229920578029,101.64050676432046,66.37691593202013,41.97309725423663,,54.77690586230513,55.97367185062758
2020-04-08,101.64050676432046,61.14389485511479,41.118410206840984,101.64050676432046,61.14389485511479,39.71746398611323,101.64050676432046,66.88011207621544,39.92620273704657,,67.11437318101915,46.52584185834996
2020-04-09,101.64050676432046,67.45531650001317,45.59684685870095,101.64050676432046,59.21957727559684,44.139825786133024,101.64050676432046,62.94606229251556,37.62803071279883,,49.59798937800713,59.119792855689205
2020-04-10,,61.50737298481704,49.58678004243323,101.64050676432046,59.597661434124305,45.55592541148527,101.64050676432046,63.26473220796124,38.18018823139654,,61.866166385289084,54.17963399050282
2020-04-11,,61.677529495213435,53.123888134717404,101.64050676432046,67.73928022211452,47.42633834320357,101.64050676432046,65.26475735705067,39.62808669275619,,75.03221266944668,49.82050011841742
2020-04-12,,63.402685403440515,48.3406460528393,,63.76151293225531,47.115980253117236,101.64050676432046,60.00255403134777,40.975368442052876,,,32.05746144123707
2020-04-13,,59.53032592801725,43.01419766705249,,60.00209712589888,45.36721457774858,101.64050676432046,57.560519706800896,40.652691518693004,,51.624935279326095,19.89359992941593
2020-04-14,,59.21387861360346,41.82598784458367,,58.92797950224002,44.967939133851075,101.64050676432046,59.297239889360704,42.19546559582699,,48.33220012035198,53.1787437433451
2020-04-15,,58.32978268970825,46.47870822140517,,57.29070076648419,49.38470970760255,101.64050676432046,59.217297810799494,44.55108684685789,,,77.44323587461032
2020-04-16,33.55273849318385,49.97856769983903,62.003437046637295,33.55273849318385,59.21387861360346,59.14533133458667,67.59662262875216,59.217297810799494,51.642578560359844,33.55273849318385,,127.44414424457801
2020-04-17,38.206359327118946,81.63948717300195,65.42287472504326,38.206359327118946,79.98766854711315,58.42747645498154,59.35107513951945,67.01220947521115,51.99170093323342,42.85998016105405,144.9613261193278,49.154649833266895
2020-04-18,47.572716978385664,108.1451068717168,70.55093116966148,47.572716978385664,94.01506397361914,57.815102459851495,61.08966442486936,77.29411067720712,52.62072040152753,66.30543228091909,131.14179437547065,45.53388215250711
2020-04-19,73.0053060889648,130.81951901559358,68.69882143013494,73.0053060889648,98.48313848929178,59.50949297477654,73.0053060889648,79.54407000363553,53.31273661394689,149.3030734207022,116.35543655198234,43.91819504571241
2020-04-20,85.05319339939763,119.47160888719786,64.13337277508224,85.05319339939763,105.24372713382868,64.46983478476668,85.05319339939763,80.56647440223061,54.918524681257615,133.2447426411289,85.42787850201069,54.61599259934681
2020-04-21,98.11209934411963,113.70780960040943,52.62734323563427,87.35220586896368,113.70780960040943,66.86058518533709,87.35220586896368,83.82790227413521,55.91426215959409,98.84726821679396,90.65261245325567,69.91399654733814
2020-04-22,99.36978353376738,100.84220626907724,57.38171832395297,81.89451947472496,108.19539291078566,66.21534081394422,81.89451947472496,85.05689648155773,57.800025260773396,49.14840110929269,80.63330946266687,72.92652527486032
2020-04-23,90.0730643242122,89.71270923597083,64.61119585097458,79.93296200900487,103.52380952495037,59.677787320092406,74.13543406952725,87.41110737536967,59.41155932733953,19.821836233143255,75.49430920993856,81.68126978761518
2020-04-24,75.2655620500897,77.16821210307327,66.82501361648615,86.11179231699668,90.47689877754563,60.511020754378606,74.13543406952725,86.66263323920654,59.46924860468006,,53.63295088749463,54.98728387327025
2020-04-25,52.513473409487545,65.1860048724042,65.35795115030098,82.10028494996355,75.38761991657343,60.760563342366304,70.59109562610426,82.16123593731731,59.28783290110889,42.23638807872027,25.516842348665236,47.28068026842095
2020-04-26,37.06887514038541,51.72339398190117,59.88393259309959,68.65972725581581,62.09963726639602,60.564236016026136,70.59109562610423,77.25942944260258,60.03686449540133,,23.339558000740514,42.54390376133125
2020-04-27,31.029112155931763,39.824772555385806,54.79210156417694,52.513473409487545,52.91568352755022,59.54300423472616,70.59109562610423,74.71903503016627,62.00641950974642,,21.14020233009009,47.467370130247055
2020-04-28,42.23638807872027,31.58214390637354,48.06980950831738,37.06887514038541,44.86261974349616,57.8145055159575,70.59109562610426,73.54811551721004,62.685471491777285,,34.281165964877246,
2020-04-29,42.23638807872027,30.10344258952286,45.76398471999975,31.029112155931763,39.94921043500678,54.79210156417694,70.59109562610426,71.44744850075088,61.45565779320787,,46.23944430324121,
2020-04-30,,38.646829976434816,33.31622370731299,42.23638807872027,38.91199187404771,40.44332705272604,75.22089026771928,71.21790069949904,51.66342887535643,,68.23377928322503,9.937397230360679
2020-05-01,67.48902455225155,42.47364797035839,30.52486600937156,54.86270631548591,36.45849870513989,36.27983641157338,78.29952081661898,65.54532951335835,50.41469394487643,67.48902455225155,,34.169830667506936
2020-05-02,66.33076162825549,45.78189428973928,25.1902537425665,66.33076162825549,37.93455624829795,33.11640702385556,78.15790411953652,58.10159053121551,49.24216487632017,65.17249870425944,34.37318760761364,31.463533329831897
2020-05-03,75.49235600753906,51.35139581405321,25.1902537425665,75.49235600753906,43.471158591863365,30.759532839486646,71.22196303771203,53.50187787815017,49.72616213364813,93.81554476610619,56.55917206213297,
2020-05-04,84.2522539301484,48.53985224056977,28.886126378006985,84.2522539301484,45.78000320506626,28.886126378006985,68.38286366981798,49.622292609480695,48.395048650464645,110.53194769797643,34.993270009307444,39.97374428432843
2020-05-05,85.62908674992653,41.97520989301802,39.490047317472815,85.62908674992653,48.07977065310406,33.579517300050384,67.4190073963486,46.20309928916612,46.79860178145425,91.13641802903908,,52.35308098822398
2020-05-06,89.205556725587,41.97520989301802,48.277679225460915,85.58613469669774,48.53985224056977,39.536324133285206,71.94687906150625,43.07308018248423,46.47076842005418,85.37137443055383,,69.32035829945933
2020-05-07,93.34161809020932,38.485853697240955,59.510974479697346,85.62423052965107,37.45768717483412,50.61287698602138,80.20075022328473,38.383153801606404,45.99035428906894,85.8528055273711,23.90511902028244,76.39671434677766
2020-05-08,99.05188060038432,24.42626800018488,55.81549278007103,93.46392092461247,32.84223273406025,51.756832871697846,84.88587323369545,34.814741445558234,44.72183448073218,122.36685731698117,14.380414970964756,41.033565981565786
2020-05-09,93.75810507764417,27.751454763424476,59.08625552137859,96.1625739789005,34.96136127234277,55.90083698187022,89.53328234542381,36.58310398650014,45.54427791004537,84.06307008427567,44.96883029902623,56.32755799086618
2020-05-10,87.7736139765959,34.10913739050661,60.769549154667246,91.50520508714214,34.28596391426678,55.90083698187022,86.7013503632612,39.296070102046734,45.84431532491679,61.21396252379768,53.182185271753006,
2020-05-11,77.20961275397138,34.238243686418876,48.458075485194016,80.36512231849282,34.238243686418876,52.58429020474323,81.7786247227312,40.53374887840835,43.10502467404873,32.55136831743124,34.75466887006794,20.074463621566466
2020-05-12,75.04881456062144,35.74416243909208,37.70192067416962,78.56990636673513,33.770988535957144,49.42079255715257,81.7786247227312,40.27498040738755,42.220212894833395,,31.434712783648465,33.37209510268005
2020-05-13,62.38052940291844,52.313208583359696,31.50391186853826,76.29029674267102,42.835939558292246,40.574321300416074,80.93821571968438,44.91008962457498,40.05532271685065,71.69371668616918,97.22564569230285,16.241530759040344
2020-05-14,63.76121549718677,56.30960820752455,25.5467217583533,76.912464898334,48.699612329659104,33.25800183430753,81.60341562288934,44.61163954608639,41.93543941016445,89.58581446134899,64.95082841985051,32.49879755012635
2020-05-15,68.88501914579513,65.72258256574274,32.81829804846506,70.13618486520897,60.96627548564185,36.736508038865246,82.69727351258008,49.24792433914951,44.24667045528155,81.70917711823105,100.24705706284396,61.9046032089121
2020-05-16,80.99623608858307,70.55758674372109,34.96500495007177,67.35080782139562,62.960683980060914,32.48324806198755,84.15767141327348,51.29429951851168,44.19204252192889,,58.92968975995966,30.807998129600012
2020-05-17,78.15185675999754,80.33830523373925,35.363232411919704,69.03175907148429,64.5904337647789,32.48324806198755,82.1412692472847,50.81567474181884,44.1920425219289,69.61871877424096,,
2020-05-18,84.26080507497173,65.63925567092966,40.83487349603722,81.74738739721121,65.202896859945,35.49218664097821,80.94106610129215,51.12805450834221,44.03823842286073,96.12950994606595,38.42944744106452,38.1280950955104
2020-05-19,84.30865514003912,58.12686440580261,43.98198580718166,83.0856919512791,65.78065528922728,37.44471192298223,80.82779915900711,49.775821912592214,43.43275224006741,89.77721472161849,34.90126335934226,45.08724679470413
2020-05-20,79.16998592041037,43.78548493966485,39.53896985713211,81.32915587687025,56.7233042068923,42.09321336459448,78.80972630977064,49.24549247303072,41.33376733250528,61.154500239716064,42.881539198292955,44.132539408713896
2020-05-21,78.95581446704634,43.403155400357065,43.06642373421916,79.4147082422438,55.46489473737199,44.16304937923146,78.1635865702889,51.82205036398812,38.710525606769494,78.09912865359023,57.40037160272854,44.9178136379482
2020-05-22,77.62442217019148,48.833966360844514,41.26759606756683,76.2901382708664,50.516586927363704,39.524329744572356,73.21316156803768,56.14334230489809,38.130418891718804,62.961757289966634,70.55721020279428,34.07228540095751
2020-05-23,73.11998167449694,57.99458062312766,33.508852013561004,75.90687672754166,54.7337250927838,34.27872586055257,72.34184801664748,59.16362603208687,33.38098696127006,73.60730746759333,84.23251875248026,-0.6656251745187469
2020-05-24,68.95567341271656,59.22944164712825,29.246244017913575,76.95490305309178,52.78255986229258,32.77808028282606,73.35347397054292,58.23234781728627,32.64200387320829,,41.07556847934526,23.77420681646702
2020-05-25,68.07907732321742,58.27135513906884,28.71691348354225,70.5413373757007,52.73422546471134,33.25776480301847,75.6349964763873,58.4889968778961,34.28903642053835,57.6481158817195,38.091106657995844,41.48588673685724
2020-05-26,65.13244618719642,50.23589651641464,30.748933000948973,66.63056894034865,50.20877048329924,34.68500257877242,74.85813044581387,57.39579423988142,35.958714583792336,66.31260410950621,17.223078489457553,55.077911224981825
2020-05-27,68.17596751041438,40.48170872965626,31.360649063089813,68.9607926642024,47.19516077911488,33.68476347919354,75.14497427053631,51.59276543808908,37.56558650322475,75.13584258283849,21.786271269002402,37.13086571166172
2020-05-28,69.78427694484489,36.06731156929275,40.80354920854518,69.28436208948993,47.87518382881975,33.91777232416638,74.34953516586684,51.378127325074644,38.64636173419642,80.04054520531537,62.1605329506627,46.548875552758076
2020-05-29,69.78427694484489,34.815247341779624,48.643880164755345,70.54888304939458,44.094846099824004,38.04685463796071,73.680476806561,47.30571651359386,38.72876622562763,,,62.97586159751784
2020-05-30,73.8296639658867,33.40023466958927,51.46767435611073,69.78427694484489,35.461268969283026,46.085495047696845,73.680476806561,45.09749703103342,40.63621696132256,,32.431055969234436,55.604857693634166
2020-05-31,77.58819389407694,34.01071738485696,47.74327121215357,69.78427694484489,31.892842447813536,47.89716486037243,74.08665260979303,43.14115182484071,40.33762257159924,,19.665009350528297,36.45589550519609
2020-06-01,76.19082299749971,46.65825243382401,47.79914693648147,73.45752317183603,37.607059915625996,47.31493023129299,71.70781169415484,45.75245674974887,40.286347517155725,72.34110078968405,72.37641146487061,37.410244333301186
2020-06-02,57.77591860563119,42.853447664886595,48.8744068398949,67.68205624985407,42.560099146535244,46.864539351984895,67.05116386415082,46.678614481715854,40.774770965378664,43.21073642157834,46.94131387491303,51.925175069825244
2020-06-03,59.778258410099234,39.423599584026235,45.349043150489166,64.84383010890326,43.21308847846564,48.48681829203877,67.31400764208274,45.3572812557383,40.51648108512211,63.78293801903533,25.704207260584788,
2020-06-04,59.778258410099234,41.17173548772418,48.6260884371939,59.778258410099234,39.423599584026235,52.1808455066546,66.11566086302636,44.353690393489124,42.34688302377633,,,68.71303884045307
2020-06-05,59.778258410099234,48.3406442001228,48.17269827701182,59.778258410099234,39.423599584026235,47.45859105114625,66.50989880965884,41.97155222900683,42.390732982507885,,,34.642334864467784
2020-06-06,59.71084818639,32.219520158214216,43.862872139067804,62.868411337213516,37.739996258008304,41.552938065794756,66.32634414102921,36.497054100521794,43.99354567143434,72.13887011855634,24.01303933914484,20.170939781525124
2020-06-07,59.48315263846859,23.1153326276536,37.94296540229152,58.80025902533364,37.73274464454888,40.184546835382086,63.68204476733864,34.5473434463296,44.33749500268458,42.52764977781411,19.62875128323117,28.245548122720095
2020-06-08,70.79322891657559,21.83433511814624,37.94296540229152,63.874672238068094,27.629705297987307,40.73940733579826,68.13371709752052,33.07189872579023,44.57512902483685,97.71316685335633,21.861214732062702,
2020-06-09,70.98680979234659,20.938462744545653,28.019423304589505,69.54603543768434,21.891611647753482,36.15814641176222,68.71760024309312,33.16533210163444,42.403542293558786,71.56755241965959,18.2508456237439,29.018870449645025
2020-06-10,68.15310998454358,20.938462744545653,25.81178611796341,68.15310998454358,20.938462744545653,36.15814641176222,66.68231892870344,34.30323818489764,42.882876528276704,56.81831075333152,,
2020-06-11,66.23905573554262,21.10978681694668,26.468103828117943,67.22235813271156,21.690437321386312,26.843517226069345,64.74099155850746,30.557018452706274,40.66387810638857,62.56859887355151,24.698335628748953,22.139892911988706
2020-06-12,70.06976206328063,21.603465328185184,25.579381680816866,66.43076145896767,21.690437321386312,24.893812816469737,64.43501054430713,30.557018452706266,38.43267975727564,61.681181416504245,,
2020-06-13,61.90169869161785,21.417316740495636,24.814737362545404,64.24990144132282,21.148383247356158,25.672440052589078,63.7475414034649,29.444189752682234,35.20073886051248,56.87284999504245,21.302768968994066,23.28544872600249
2020-06-14,59.48523525960743,21.364632338736527,21.451284694425386,67.87027671857426,20.841191474403235,23.343181133230296,63.747541403464886,29.28696805947606,33.448000554521364,,18.092792418466566,18.928512445284973
2020-06-15,60.37421009503274,16.727794212737493,19.57170038832266,61.90169869161785,17.03240449493877,21.461134400587135,62.88818546484298,22.33105489646304,31.100270868192702,,2.817279834740394,13.932947470014488
2020-06-16,42.484669083033474,17.6988710964531,19.877882959688655,49.368183375196686,19.09876400291227,20.330284950148663,59.45710940644051,20.495187825332874,28.244215680955442,8.899975837553708,28.58264316361137,23.364623197452673
2020-06-17,32.88641291629808,21.554945052057867,19.843857717343088,47.50565153066298,22.07884348150638,20.226530249784023,58.97646178281886,21.62269118672209,27.468173959774116,,36.979240874476936,19.707756747960822
2020-06-18,36.017199301780124,21.617989072823818,21.275574829603503,47.64710750377674,21.554945052057867,21.610553812336665,59.39225788113763,21.62269118672209,23.98917354585152,63.134422766006544,,30.44403428730455
2020-06-19,37.515217154108264,42.80695692928663,19.460671168859975,42.354625364341814,35.10389818410119,19.93104528794105,57.67580287910371,29.00687051923079,21.735688025587844,40.511252858764536,102.8486638443178,9.853994141567336
2020-06-20,41.247152898153665,46.82911906486083,21.342436142157073,41.247152898153665,34.70442475210839,19.939091518012116,55.88526560744313,28.542587704493737,22.023945530585557,52.44296013028988,18.905928377037228,23.341772336499968
2020-06-21,54.44832241612502,49.33208204837178,22.552367441646368,45.33865310041075,38.12137519863982,21.437058267957003,57.62862961940903,30.266746233077733,22.130193855329107,61.704653909439116,38.594495097655134,29.414279694899168
2020-06-22,58.47325908543246,49.93763971066734,26.45699048571276,50.21104521078599,44.21874048012628,25.051047481996758,55.52497861116411,31.861315032313772,23.555250364742747,74.57300576266219,39.40147152365921,39.23087196829277
2020-06-23,59.351843763751354,50.44023379940449,29.317250232186268,59.98227359746056,48.19673497858324,28.105434599456675,55.157687132795154,34.97038453509643,24.865788912245005,67.52734615760107,52.45061015435308,44.74533301967211
2020-06-24,62.11473714986496,37.33812628817616,38.01123627678487,59.174194482013704,50.44023379940449,32.9077442589709,54.931087954249804,34.97038453509643,27.0548762547308,54.32571978933252,,53.32392436456037
2020-06-25,72.03959685833715,52.73793603093079,44.21712169189692,64.73602818296287,55.45105605751303,36.32591070536456,58.521875208713375,40.04373287321523,29.534207523967066,102.06725867265078,80.50516734805572,54.3711994120602
2020-06-26,79.0752991161476,56.3400360014289,49.01082316542245,72.78915851720959,47.143427913401325,42.54430969407305,61.722055552530385,41.123663048751254,31.23767749100705,96.88316519849153,53.00289497964759,53.38278706252681
2020-06-27,74.80032925706702,60.27256685523394,46.23681075975616,72.8970437082052,53.18103900704168,42.83274363742468,61.387992504550105,43.94273187957503,31.3859175777184,53.19815646725919,55.131594938879374,25.360809939961303
2020-06-28,72.93525774037933,60.85793651387763,38.902371070526904,72.39666294602283,55.88063795558713,39.78400862008563,61.12249217701781,47.001006577113465,30.610533444021318,58.201988574162584,54.79208878892781,8.073134573525838
2020-06-29,72.77376823488555,60.37333863918868,33.99066672721002,69.3888438744802,59.05288389171608,38.28894157432609,60.53755218354441,51.63581218592117,31.66999452816142,53.51827226186368,58.43494714043287,28.765402647975957
2020-06-30,62.15036973021749,51.678304716860325,28.895533555997478,66.73497530186725,56.482781822059565,37.21287633343508,63.61834374598724,52.33975840032139,32.30886924590825,48.950266149310465,37.02999773641397,
2020-07-01,54.24732139067479,49.395634936893984,20.095986748816856,67.16957583207375,54.35517671602476,31.35632224497574,63.17188515704372,52.72395050076631,32.191703329434674,57.36792350077801,41.58954607981592,18.184599833804327
2020-07-02,58.73098844298054,48.90564937215985,18.94871960077126,63.390894840093345,50.380390968475176,25.756412567595522,64.0634615115281,52.720697932646495,31.447680795625008,75.61649172878795,52.68166711520865,20.771741347778917
2020-07-03,56.436994788324284,49.58624274911642,26.882341374027284,56.226445569006174,51.122128210484185,23.493885001599377,64.50780204310787,49.28580499644594,33.75180598985444,46.73202030088136,58.19505567371072,39.80762166654993
2020-07-04,63.59337491861631,52.493390596514516,26.254654282711055,61.38387648987255,53.6705698445619,23.120500013926993,67.14046009903889,53.44463253493719,34.61930879430064,89.30017291332383,72.97068637742335,
2020-07-05,71.10301303392573,59.55234908908127,27.910453347565205,65.42622908297183,56.1752414746076,28.08144320764736,68.91144601449733,56.03927061967507,34.90793969823635,86.49845672585752,72.32479019924772,32.87785054212766
2020-07-06,75.55361310574199,59.39560229323217,33.94307327707566,69.1551793112569,53.65679361177011,30.791378588421388,69.27201159286857,56.14729681789901,35.16495699686579,79.62092385985927,40.80581210057045,42.31507955184614
2020-07-07,71.6380070726178,60.268732192789415,37.638159341766766,70.16777865609355,56.5164105941388,31.584829758108384,68.4513769789804,56.5008896224099,34.39885304577173,56.03846156316695,57.04731661299482,35.55208560654334
2020-07-08,74.25397805391184,57.73293741670047,36.91500523350572,70.5169146141755,57.07734426748881,34.264875742969195,68.84324522312463,55.716260491756785,32.67839201679095,59.811875207351626,45.51608179326601,
2020-07-09,75.35014719672445,49.60527967331152,36.91500523350572,73.2547041711182,54.17030577395597,37.638159341766766,68.32279950560577,52.275348371215564,30.50911127726402,94.78101862738683,32.332397660478634,
2020-07-10,72.29888693901958,47.51892622425707,32.88761182222765,76.75615204775417,54.69858681399378,32.88517150220265,66.49129880838018,52.91035751223898,27.250399601840684,71.24215543733321,61.893022953975425,20.795670308293452
2020-07-11,71.85400596341016,56.403776676601794,28.732832086317966,75.05563005753822,56.449926526118155,32.27828527058554,68.21975327370538,55.06024818534003,27.69939264225626,77.39651898181215,85.23006436229406,29.850740344117092
2020-07-12,73.76049494791292,51.87699710821782,33.53430504143993,72.06598002322725,51.03401632209348,35.694016056541855,68.74610455309953,53.60462889835054,31.8877296320946,65.57090648568071,34.413418771075,49.95650447190924
2020-07-13,75.74802697427235,50.76425322285917,36.309906226392826,70.65578166312575,50.91209493150809,36.158342102422935,69.90548048719133,52.28444427163911,33.47486034542216,69.74953533914882,39.95236236647269,44.63670978125152
2020-07-14,69.42744257466704,50.9267816671521,36.309906226392826,71.6757295297248,47.4974839699293,36.309906226392826,70.92175409290918,52.00694728203405,33.47486034542216,63.17809662936029,33.14503988194328,
2020-07-15,67.82674690664896,48.18522134544626,41.48131819909261,72.16527265685212,47.82771766603985,36.309906226392826,71.3410936355138,52.808285836050835,35.17377818004636,63.238677097242835,,
2020-07-16,68.44125036312127,44.86359430399797,44.13262629632268,70.12070374782168,54.429577422043565,36.608857908275716,71.68770395946993,54.28996961153485,37.06632521204952,80.46903626417365,71.94355619650092,37.80466463580727
2020-07-17,61.06401043860817,44.80881436943655,39.585468625906124,64.04106823721911,49.81312343518587,39.71273013874894,70.39861014248663,52.44375756223628,36.67825963361726,28.684706863115228,34.194299032829285,36.31503146065959
2020-07-18,60.19163501937072,44.99687296632173,37.684248843034034,62.3255167030976,42.3922121671391,41.52919215645257,68.6905733803179,49.96175066812782,36.903738713519054,65.38765824296159,40.70459675401342,38.93305043263525
2020-07-19,66.063821916058,48.94748399444787,32.79306011034856,66.17810593554273,43.98797084635193,35.161790044529155,69.122042979385,48.0981640405345,35.427903050535505,92.53903111279668,,18.119493912292135
2020-07-20,79.8547928557284,42.05559532204604,34.31281990776357,75.09867685789217,40.273484234025496,34.31281990776357,72.87722926050897,46.479340474223676,35.235581005093245,132.19353179559488,21.37992930484055,40.391859097423584
2020-07-21,77.67111403733648,32.79492761882197,36.92952341566759,76.00904050687127,40.62465333435776,37.075380285690876,73.84238501829805,44.63380453844116,36.769190661971656,69.55064217221403,34.90088538360465,50.88818217532741
2020-07-22,85.56551148015203,38.12926223675579,37.65333223063104,76.71161436114987,43.10915069605889,37.48376532137458,74.43844350900099,45.46843418104938,37.05690746865394,68.15669407719307,55.53163750456456,39.9340755354768
2020-07-23,83.11209588970421,45.4497481821507,40.361631884622014,72.80469207922826,42.78298141924091,39.579463045200704,71.46269791352498,48.60627942064224,38.341710904815294,53.120580290722394,69.98654053559302,52.474548702590134
2020-07-24,78.17287261324182,46.465734938795855,41.55824511976723,78.39872177456675,45.50554524133211,37.834824277680504,71.21989500589292,47.65933433825899,38.617285053125684,67.8429147304847,50.52968196537648,24.102560088018205
2020-07-25,69.95279853048059,55.73454566521853,41.849841625353136,82.07093650868494,50.00877627182221,37.65178658518805,72.19822660589126,46.200494219480646,39.414243663035556,91.09316138178886,67.72398293695396,
2020-07-26,71.2394026017594,57.092060064414696,34.96259266097225,79.70588385380084,48.82015928721695,38.521735319440005,72.94199489467178,46.80674743685652,36.9944874672078,75.983662528608,41.68845737958545,23.339186317803858
2020-07-27,75.24058000048923,57.48216570437723,33.305431702804064,73.41574803597902,53.39353095094635,38.14771056384328,74.2572124469356,47.42987335234596,36.23026523580343,88.16258107084222,,
2020-07-28,69.98794491909098,48.17860880490021,23.84434648278446,67.31671413762433,53.0387688766264,32.788332737284065,71.6628773222478,47.395989084686114,35.12672230914233,26.857404883731125,32.77231293768495,24.091293042531326
2020-07-29,70.52420246624256,46.91331898642585,31.25861994054145,67.17671748102954,51.36158307444549,34.07059372244653,72.31089272417125,47.2353668852522,36.061610488487894,,45.46852269147905,46.34538046128916
2020-07-30,62.950890779799636,32.295909773377694,37.182825786881374,68.45660653857868,41.23955066597353,34.566772647108735,70.79788336815922,42.011266042607225,37.49084204599571,60.79991463601721,9.254346084761334,54.955443325901136
2020-07-31,56.02258890871504,26.63400039192555,46.02114295083314,65.1945299242095,35.991406980706934,41.484751624227286,72.30447938209417,40.74847611101953,39.35562733874166,48.27045504426962,19.04081985377687,58.69245497361092
2020-08-01,52.56303326651505,30.932229643995214,42.44750296694626,62.39972944425173,32.724934266593586,39.26278352542253,72.99191786356192,41.366855269207896,38.45728505530528,74.32435850204223,48.12514665227386,28.152943031398767
2020-08-02,65.49428696539019,31.95897477792215,42.608420927041756,62.832855636022344,32.09453113788262,39.52223294629002,71.91833236867231,41.1006386029088,39.02198413286501,78.5824196792317,37.90603860731964,24.895882843008792
2020-08-03,72.0487784872194,28.581587799532926,40.52279788606635,64.51688288663803,32.09453113788262,39.00723756202175,69.30857950551395,42.74403104441449,38.649101312780715,98.26674457453626,,35.91726525641213
2020-08-04,69.18683565963383,42.56732805226113,35.906133364228054,67.78901548903106,37.49869683088082,40.118784372618656,67.53469937673513,45.26873285375362,37.06442952456257,46.49020049808937,65.19730709567416,31.872120716709684
2020-08-05,71.6105083338349,47.12204178957393,31.257875113138606,66.73184447849448,36.13055551613899,38.5624676950293,66.9371704796645,43.746069295292244,36.69085353978648,60.38881841527496,37.25967480302806,35.45116371816366
2020-08-06,75.25447121236344,39.09638375433422,31.421631485747657,71.266738515447,37.258583587231264,34.850507919106846,69.96975452612318,39.249067126602405,34.73228488910764,92.5441728946849,16.022514511314995,28.971724894444005
2020-08-07,77.35119790799519,34.29179655813558,41.10866613555736,77.0946811030357,37.19972858202264,36.94173665031348,71.60230363588515,36.595567781364785,38.8346595561109,89.06605315739047,18.68768982252509,73.33105609205732
2020-08-08,68.40391827768097,38.789639468536414,51.79192602973876,74.12410794888183,38.64237265833362,45.68182546401639,68.71285633136026,35.68365346246361,42.719190723126914,53.530346422965174,56.78101111013977,89.3335647273191
2020-08-09,73.88234772257888,31.300586538502074,53.63905107609742,73.38105599382352,36.95003996469742,47.9978059076584,68.10695581492294,34.52228555129003,44.08600300241146,,27.752042445502443,41.10774594850297
2020-08-10,72.91503257455133,28.526011631244234,60.17244396004069,66.42319153526161,35.01243429356048,52.59792917643954,65.47003721094981,33.6657097601707,45.802583369230646,56.51955782316477,23.386800266738863,68.11812813788002
2020-08-11,66.37198580117347,27.701090669874475,67.00579794426352,70.40978974269606,27.398234666245067,57.064554047703616,68.98027651342424,32.059986434538494,48.591669210161136,,11.897909704466226,63.138494815558204
2020-08-12,55.02495212306497,28.953471372097596,65.20716282495532,72.91503257455133,25.639651599189726,61.1912278730397,68.98027651342424,30.48160725316631,49.876847784034496,,24.94959333364069,64.3378804955163
2020-08-13,56.11572785866779,24.188890050059758,58.10128722299645,63.70696382442281,28.059021597566232,64.73872241919409,68.51772953689274,32.30497328510394,49.79461516915047,55.71189789417081,32.95810449995057,53.80418671752475
2020-08-14,54.291860154209694,23.298101951199087,62.34967254161982,54.10148172139856,29.620910226739756,63.30666680705023,68.73351769153129,33.4103194043812,49.110165953422744,50.64412474529349,,
2020-08-15,45.98046439111212,25.981180391850337,60.42685400953309,48.615237749125285,25.843927379940443,58.10128722299645,64.84815514897036,32.243150019137026,50.85660119692475,31.58537053387207,34.11911402934386,
2020-08-16,45.98046439111212,30.675603954311708,58.8085112541166,48.615237749125285,25.462304366828043,61.536431343157595,63.47472869594422,31.728341965665887,53.63889983911641,,,58.28346654930873
2020-08-17,47.713850862297626,33.13126150383714,49.55066464612005,47.713850862297626,27.24825750992367,55.225673849886924,58.93945526607602,31.777360633711805,53.69282279037595,52.91401027585413,32.31656598221697,36.564340671526644
2020-08-18,45.04783518500656,26.780803127959647,41.951231700616056,47.713850862297626,27.65002144349404,48.79915246297786,60.32270579585231,27.50314582343214,53.620636720734545,,13.906729372318116,31.005887881012814
2020-08-19,37.77777071014472,27.15353657107457,41.951231700616056,43.93786695397969,28.314450156849773,44.91447045484324,56.81660722978931,26.754150998214744,55.27240699369553,28.83393132070796,28.271736900419345,
2020-08-20,38.167300960633646,26.58524666865535,39.46554486496409,39.346279632213296,28.09202014079305,39.46554486496409,50.173250384306414,28.072770990577407,55.54847603583773,32.75396128533885,31.845954419666963,32.00848435800818
2020-08-21,47.576808289084134,27.377494276393463,30.49710847879785,44.37852073804172,28.50109756855186,36.05438009290002,48.69983673064476,29.061003897645815,50.919263755163776,75.80533027443559,30.54648470734592,22.40972100464376
2020-08-22,42.068005769954375,29.998863064648482,28.60694929794451,44.23720667113433,30.385146884243227,34.879267402102236,46.18299826135253,28.114537132091836,45.43473095705414,30.878800199335103,45.42340992349206,29.003703948113284
2020-08-23,44.29980501235119,43.31918731614495,25.43132918634988,45.73550588960168,37.545604562179975,28.21592421632316,46.88739863341112,32.510896147450005,43.36160927397518,53.22700198193844,80.50835062980047,18.303407434634295
2020-08-24,44.935421826770096,52.85170810082665,27.91735602398104,42.25184007575974,43.776715253838674,28.432111333486333,44.436644390374894,36.88985786054075,40.611003386395694,32.012015392802475,75.93434082382781,37.86146337450566
2020-08-25,47.43185764168281,59.27132013827097,25.828945617778515,42.678168687780115,50.924898858777304,26.85886874115013,44.50932584215012,41.227033269075946,36.831724978344546,45.2361403599024,63.94401460688858,21.56643232699557
2020-08-26,40.338489483494605,67.70846326052495,25.348142992359666,44.98554158229214,57.27639363280537,25.879845760635757,44.50932584215012,45.20891718449054,32.801527467620296,,72.7322003186158,20.005707877549522
2020-08-27,36.03573114409863,71.88041273794474,24.434252753421262,41.80450917502754,62.19599404579452,24.85840599440702,40.68713211011197,47.98600491871057,30.701261542629844,13.667766841751197,66.28315731059098,
2020-08-28,32.529588455608504,69.62652964597933,26.75672204714045,35.70402600061792,67.72348696902702,25.722333261884895,39.64697815399237,49.62084570726926,30.41871818507359,39.202431227977925,69.23893516997344,27.593284609511038
2020-08-29,32.70211280987717,65.14354420264834,21.96524027832755,36.66907116087449,68.88005892383858,24.00430532040836,40.453138916004406,51.11317644402534,29.441786361255296,,53.519413607172886,18.695536299254066
2020-08-30,42.473881089437135,63.60601367968668,24.713853743046705,40.93395980420327,65.41548911844997,26.380551778948007,43.5529849416933,51.48054684031498,27.298237997635585,74.5514451985823,56.256361992080265,32.5608861858722
2020-08-31,49.753835733279615,59.93669840537761,27.194905065051813,48.850296658604165,62.33710099319892,25.05862674412539,45.251138522507205,53.056908123518795,26.745369038805862,71.59369966480703,54.38562394707049,29.92991316556995
2020-09-01,64.79005343083529,51.702766170839844,35.25820358194269,54.565596113018465,56.789884069058004,32.716120964543826,47.631263448296096,53.857391463917665,29.787494852846976,73.81263763197389,25.113496137902143,67.51139764950621
2020-09-02,77.36326189735253,48.23064549677825,40.28403169789036,60.38720760985654,53.810759994922236,38.16890718316048,52.68637459607434,55.54357681386381,31.55172026333947,89.4952650940469,51.87833179966545,52.72242518924942
2020-09-03,76.44348642234043,45.96033886464083,45.68115554754944,70.23664388994668,50.36572044290721,38.16890718316048,56.0205765324871,56.28085724435088,31.513656588783746,72.76438452229199,42.167880446485825,
2020-09-04,74.7004472873463,40.64211365898481,45.64337334036361,74.67561360588563,44.71233484202532,38.971652641096775,55.18981980325177,56.217910905526175,32.34699295149084,65.83624952361167,29.665235963800153,32.40975735712887
2020-09-05,76.53630968718484,41.18155672999559,45.28195173169526,75.5466704713305,45.22139565558982,40.60310104637052,59.3476707586405,57.050727289714196,32.30370318338944,80.77301166399975,57.08283930212438,28.484226730896523
2020-09-06,80.20111407293184,45.19857187801895,34.29715675524825,78.0588439516343,43.382234599508074,39.10498963934486,62.59014222353803,55.24629472509218,32.742770709146434,92.13665956070886,,23.572217743718202
2020-09-07,77.87757631765308,42.971985237470115,30.931450603462615,79.13636799943885,41.18155672999559,40.65993754210101,65.3699719354231,53.522290883530864,32.859282143113205,,,39.25960058210686
2020-09-08,79.58197358277343,44.69851000159223,33.298401613887904,80.20111407293184,45.62834845018559,36.53573887644816,67.38335509297515,52.13924422786116,34.625929920496,,47.347454738852164,42.76620565558907
2020-09-09,70.37828776420402,52.215147020488274,33.95411448009567,69.94709946770315,44.06585261281563,33.696721626267866,64.73261299978681,50.26715731051984,35.932814404714186,38.225192067903414,,35.6883216881677
2020-09-10,58.73181836785606,51.62238065938627,39.227781504279015,64.56094325823592,47.49820914617427,36.7189845156315,67.65677996644179,49.32298906227706,37.388179592952575,45.83360347495591,55.89730657992038,54.85256185181326
2020-09-11,42.02939777142966,50.27976727296123,47.47704218109015,64.242116691892,51.98053528025201,41.348807911437916,70.50221484028818,47.3553168195623,40.25165932512664,,47.59454050011114,64.81852112777383
2020-09-12,42.02939777142966,47.638238514297534,46.963732138649355,58.73181836785606,47.638238514297534,42.52149700272456,70.50221484028819,46.1002476042108,41.636083484407315,,39.71365223830645,36.69305036990293
2020-09-13,55.880572288191736,57.179239692198635,46.580681956846355,55.880572288191736,55.21288270152934,44.989888003132535,71.40536245260152,48.75980191860865,42.27378106599977,83.5829213217159,85.51145945045658,40.850954746574054
2020-09-14,62.815123708710985,63.63613775058534,49.30377202401602,56.66764079850909,60.92135724862981,45.94493590663681,70.14887711906694,51.94872064925062,43.302436724368924,59.02884632946114,89.46372998413214,
2020-09-15,64.89545463727158,63.448458356887485,67.57185889366278,55.749031890934816,62.189933060726304,60.138053185772016,67.97507298193332,54.66194005593506,48.336896031110086,52.074596260637726,54.958909611431125,127.92490933040031
2020-09-16,61.478012992408765,67.41193782108158,64.4873516138558,58.34913108891819,62.189933060726304,62.936748239168374,64.14811527831067,54.94030088156203,48.31673493271813,51.225688057820285,,52.48049200854588
2020-09-17,60.657679692465955,80.58835912503694,65.24869374049224,60.657679692465955,68.27693820642756,60.41772440994095,62.609311475350935,59.96544658232624,47.65686446685125,57.3763464926947,92.4193374541279,39.73841887644877
2020-09-18,48.98041612786822,79.25623315110357,69.96494317254377,54.74750032684284,73.70834071552956,59.56729630110866,58.54534687286249,65.01721854141854,49.757341014362886,25.196603498727235,80.18295555472307,59.715952474780096
2020-09-19,45.76486467977959,80.16894950321714,69.74911972730163,53.0622987214393,82.60849790790955,64.93275889718035,54.76315461536433,68.62039415046475,52.86515633862724,42.95108908901805,93.11459539258645,68.88582594633306
2020-09-20,44.187431784565064,85.56432681564797,53.91838845149757,47.975528288059856,81.11332447635921,66.25280859798136,50.61054295477049,69.3403963968911,54.80354366229353,,76.54041886115449,48.771252951380035
2020-09-21,36.25638932398335,83.34023811686869,58.67325960391977,41.38764026906523,78.61001669929577,67.681671336935,47.499640480842785,69.76568697396279,57.6493319075666,19.50151821549341,74.44388332175157,76.25484777065688
2020-09-22,29.216403601079563,77.94739174145016,66.36718614116805,39.25024907075073,80.35938269356312,60.57926308440499,47.499640480842785,71.27465787714472,60.37562774657438,,65.45510557703521,78.20805156269023
2020-09-23,34.420131422919184,76.79521336562775,68.02999455776505,37.1666688520359,79.5111942624271,61.92905826371484,47.75789997047705,71.51676601548827,62.43290325144161,40.8077869642461,74.42206367561094,
2020-09-24,56.63275131218776,66.16866189805805,60.191617781739936,47.60918930486171,72.0201229196571,61.56137492467881,54.13343449866384,70.29249920585885,60.98954966730989,109.58894875682377,39.98183805473799,37.53231884223259
2020-09-25,72.0031777398336,59.088551337895716,57.99596945750811,66.1927600096705,66.44253870617422,58.273492787957586,59.94989109176449,69.79598578741512,58.92039454453313,118.11445702277118,41.13986606034285,39.988659654452725
2020-09-26,87.38379964709493,51.75901420406632,49.8668681683101,73.80734336077462,58.53991045760538,54.08226223254621,61.70606732116235,69.64848928082267,59.50751056486328,81.02400584453869,37.79619765260456,43.73844261386483
2020-09-27,93.3181991009586,45.36775536712516,40.40245544532518,81.01541895338106,52.391109390630376,52.678786852441306,64.49547362072046,65.64751635327443,59.465797725211324,117.0557969164132,33.49881139232944,40.35040067075058
2020-09-28,94.58637617602942,34.827764408373355,50.29866146839803,85.62327797406552,44.85942732778757,54.950226484113394,63.50545912156537,60.4366224223298,61.805619866401955,47.14867233960021,21.722108881851945,89.88348556068941
2020-09-29,92.95081652406793,33.09057730169619,53.51106900021527,87.87868833448707,39.9795411769757,50.84794397388483,67.6168386412636,58.61639110770834,56.087885033395686,101.4111504970164,31.295902521352154,53.594356501318835
2020-09-30,86.65990639939213,40.94236187771371,56.89167133665591,95.72383856286058,40.833359071949914,50.84794397388483,69.10694323975845,60.17227666718849,56.388501118799844,,80.39878894043045,
2020-10-01,86.19880590559339,38.82208577151429,55.283096829207395,90.65561441494724,39.00664179578841,50.80991493085785,71.08905754672654,55.51338235772274,56.18564492776833,79.17960386934374,27.19481712160747,37.30414458407077
2020-10-02,69.81710180642496,45.90511075360069,60.26066221535967,79.5580349977753,42.974366116133915,52.974165986138885,73.48291000318221,54.708452411154056,55.86470787804,51.528980519739505,68.91393630276141,
2020-10-03,70.60617493854376,56.34469531931546,50.13663222113174,74.43819483503141,48.13491383867982,56.12875657896704,74.15144416491468,53.3374121481426,55.012486935464764,50.304964868075366,73.92003171042583,59.511395578005626
2020-10-04,63.17846900848677,60.809048712143955,48.407770081038194,66.87894981176062,51.0090364234177,60.07334555602116,73.94718438257084,51.70007290702404,55.63661033387325,71.70032677678851,53.6176694854946,
2020-10-05,74.22837650375399,55.24616798355659,50.59573454464695,78.75883883596441,55.417933054223646,51.34539003381492,82.19105840501497,50.13868019100561,53.50829190399401,118.42800648482289,52.58438529749363,54.971663471864474
2020-10-06,72.99056966235658,55.43409477162008,46.09836333778265,74.22837650375399,54.96629713144832,43.89980864935468,82.19105840501497,47.47291915421202,48.06868984407277,,28.134451061924903,23.812030963477863
2020-10-07,75.54542307312752,57.95939417644488,45.49572252825609,72.14837944693222,55.12938918665618,43.85740693941902,83.93610900489641,47.98137412930305,47.670427140036736,61.74839416282335,81.54043332688542,43.687800099676394
2020-10-08,80.48140336237039,50.574470258209345,39.22865293573029,70.6265931395494,56.52947418631914,43.285201464185356,80.64110377724832,47.76805799105379,47.3895906278249,70.04888602504677,36.99541211924818,34.44311720790241
2020-10-09,83.93198903722282,46.105226479201676,38.436493486241396,76.28887463229252,51.1519762274184,41.9489771682021,77.9234548150339,47.063171171776155,46.960426630900635,85.50266947619824,31.27145059045624,35.26785568828583
2020-10-10,80.45873419694861,44.024251259766785,32.26856061988656,85.32721167490098,46.61761586883174,36.05241109521621,79.88270325496619,47.37626485375578,45.17802267873931,104.53498712372608,42.17950920031921,24.131999140090265
2020-10-11,76.1953420902859,47.99670130922726,34.19922221171407,83.2341194893754,45.4509402660546,35.682829356273245,75.056534650568,48.44376127386549,44.55210797436339,59.14177366363508,,33.46533892261544
2020-10-12,73.60186906310079,36.81545730334121,31.827077739723485,71.62628991305455,44.024251259766785,32.468023670341374,75.19256437450947,50.67056563986662,40.01897021573079,48.781029026897805,,
2020-10-13,67.65783944333621,36.72547989538772,37.87811555544242,67.15521105779303,47.99670130922726,38.27389658822475,70.10236332694343,52.43189865064066,40.52426141267672,40.3287379262239,,58.64726847077816
2020-10-14,63.19663193512072,42.17950920031921,39.55805193487058,68.05634720695464,36.81545730334121,37.99053010594509,70.10236332694343,49.635209621661694,40.6572923029787,,,41.987601205998466
2020-10-15,49.417180205585595,90.27345636168435,43.99253284557912,67.65783944333621,54.57480538415327,39.228331035115424,69.27715964127067,55.94307354566938,41.07236304832904,,90.27345636168435,41.869922782924434
2020-10-16,64.74024712775544,84.16852045416692,50.88153029344253,71.57950043412549,70.17218336955102,43.520576539412644,74.14824999676206,56.85803837005818,42.734776853807375,105.11097443014462,78.0635845466495,61.02132871406909
2020-10-17,72.71985617818426,69.44383258776537,47.12756311123904,63.340628761725355,69.44383258776537,44.85052574646844,76.53257850963072,53.46548088451183,40.45146842084233,,39.99445685496225,32.11169438242508
2020-10-18,105.11097443014462,58.576491124690065,42.152099193445125,64.74024712775544,58.576491124690065,44.90129407300062,77.06949536883542,50.70116060950879,39.937505379378194,,25.97446673546414,33.769948881808546
2020-10-19,105.11097443014462,55.51583981518591,47.08553275481592,72.71985617818426,55.51583981518591,48.00893335012231,71.89968147933699,49.77004553747635,40.83620580560804,,43.2732345771693,66.65476901285246
2020-10-20,105.11097443014462,57.79242457270495,45.751906565036656,105.11097443014462,63.2059298708682,44.65957954487231,71.89968147933699,57.12223844621182,41.71234125718882,,101.65638014927957,35.2017918340281
2020-10-21,,52.724634579218815,52.75389204598387,105.11097443014462,63.2059298708682,52.38010167527327,73.34986538169608,54.40910568169253,45.73876095096796,,,96.03125611880516
2020-10-22,,66.57413669268055,56.02321664545006,105.11097443014462,64.05909802872235,53.32130090339207,73.90002860780429,60.897667147199314,46.81685327187977,,95.39246530880925,48.45831737975604
2020-10-23,,104.92893562757916,59.132634937400965,,80.94744435012383,51.64925970731978,71.57950043412549,77.3556906899329,47.897559783670324,,179.3936624750585,49.31704034156306
2020-10-24,,125.48083597771578,57.25210141853809,,89.13804184915614,54.905520594802226,63.340628761725355,81.75271337613461,49.87802317063534,,,
2020-10-25,,137.39306389193388,53.63751282420654,,104.92893562757916,52.73443535728446,64.74024712775544,81.75271337613461,48.81786471514254,,,20.743437456701926
2020-10-26,,137.39306389193388,37.28308754992307,,125.48083597771578,46.72756635875425,72.71985617818426,81.75271337613461,47.41753320026013,,,30.61355502167124
2020-10-27,,120.92727224018688,33.55801093997874,,112.41566992972768,49.03272126369948,105.11097443014462,79.60917655715468,46.48172192771696,,62.46088200531526,
2020-10-28,,67.95554447757925,30.182193991404603,,102.67430418475656,37.66438793910658,105.11097443014462,78.99327959642355,46.24855428520382,,73.45020694984323,39.18958949584064
2020-10-29,,63.41244265259659,30.182193991404603,,92.40774760821206,34.965905578944216,105.11097443014462,75.39855786051824,46.64661169450194,,54.32623900263128,
2020-10-30,,70.4517170128385,34.90157225875594,,70.4517170128385,30.182193991404603,,76.7491534152097,45.209139992545225,,91.56954009356423,
2020-10-31,,78.65923987126313,46.00171254336206,,78.65923987126313,35.84010439127432,,83.89864086020964,47.279354113391065,,111.48933130496165,52.81383559088347
2020-11-01,,82.7088293377501,46.07004273759069,,78.65923987126313,42.20592080861083,,90.3346602074036,48.523029537815006,,,46.20670312604797
2020-11-02,,70.85565908143548,47.37250802835047,,69.8889542134834,45.326778395223016,,88.41958146822753,46.16725117334176,,26.037525924584795,43.096985368119974
2020-11-03,,68.87621915937194,41.57861992985197,,67.21355376499372,41.10081384304971,,82.28092581990502,45.06676755337459,,46.408479314377104,24.196955634356467
2020-11-04,,61.741376742420144,50.47092543972726,,65.47688101097934,50.47092543972726,,80.35585028049022,44.06765668941692,,63.030170425757035,86.04014747922845
2020-11-05,,49.280886768178476,62.184276954054496,,66.69706974520663,60.62253672685932,,76.98134089040882,50.35988426769328,,61.647371407994974,111.38059316251963
2020-11-06,,63.406667808121995,75.10318821915328,,71.42044505759527,67.79092568752826,,71.03295383969257,56.50830617869117,,119.90979196789607,110.80125945154185
2020-11-07,,63.737448421999545,81.58523354997426,,57.45412800576376,71.03283660629131,,67.09281521735439,58.23547943719423,,27.69142899397258,75.50721202222488
2020-11-08,,74.7877726538576,99.67311401393167,,63.76926692974998,80.80850158173355,,69.97342232204714,66.7711994824162,,101.66010047366734,114.63635795414356
2020-11-09,,74.98497449386521,95.26380668873323,,69.19478888706574,83.793733793893,,69.5151728838739,69.80575001255845,,64.0161796257951,63.99361085323612
2020-11-10,,77.0678176519782,82.04817706515577,,72.85951858480614,86.8088037096467,,70.25368866796963,67.76380793189794,,72.06158719855992,45.30244504463242
2020-11-11,,57.939723448575435,74.85990646855925,,67.32225437410975,86.93691308138308,,66.47054359112647,70.36146415335772,,24.269320950882246,
2020-11-12,,65.50179706222616,66.53486419754036,,68.26806820179554,75.40798804398803,,67.48256897350109,68.01526238542368,,,42.207042938149335
2020-11-13,,52.706376856585855,57.53988184617593,,56.696172815663886,70.05051622684537,,64.05830893662959,68.83381362875153,,50.47841965110615,78.65642854868587
2020-11-14,,56.21052720751125,54.29581771002687,,65.08639815491792,65.96887327458118,,61.27026308034084,68.69562276088665,,78.03278102949668,51.01735430863981
2020-11-15,,50.926840543828355,51.42741788814695,,57.77165769116802,52.50095457507606,,61.27026308034084,67.74347988635317,,,33.8288457571128
2020-11-16,,90.00764944376066,51.548761683803875,,73.27077129614483,50.50770891060864,,70.89311489084868,68.43095307853099,,141.51174765067913,52.03413686643162
2020-11-17,,108.1444397117766,53.88419137021753,,91.36941595959772,51.548761683803875,,80.57197582430264,72.11711953221219,,162.55481051582444,
2020-11-18,,106.96420827196124,49.99631589960492,,95.66705054779023,53.47478918087581,,79.13258611314329,70.20585113112945,,45.757493891844746,63.10492666623547
2020-11-19,,110.15917315505186,42.76781453257402,,94.8579822168017,50.12417349793696,,81.56302520929863,62.766080770962496,,90.81264056185913,22.10334884051618
2020-11-20,,100.9647031009784,45.74747079106109,,97.14271608906476,44.417722487787174,,76.91944445236433,58.399246345455275,,64.18682288468453,
2020-11-21,,103.08622327558786,37.12453963416797,,109.49047733810306,39.44732030520967,,87.28843774651047,53.91362192486686,,152.1193485237264,26.165343395752263
2020-11-22,,86.55941466130821,42.79136003234943,,105.2662330675778,44.63991539916587,,85.4768266607404,48.92775494966233,,79.92076744442628,59.7918212268938
2020-11-23,,96.91769367124411,41.34246228298251,,98.98582468055567,45.6949551596331,,88.27121910371783,48.32009356925612,,97.54888894152423,57.3093356687678
2020-11-24,,94.35235515830063,53.17659074234063,,86.90455860645814,49.652439746019034,,88.76491583693296,50.51440426319396,,77.9859479971417,69.43986267794864
2020-11-25,,101.89373822670464,63.467614676255394,,93.76240272556038,56.57357037029885,,94.62815173566483,55.024179775587335,,,104.63171041191445
2020-11-26,,74.61094441363731,68.97779165942755,,85.79165817716004,61.84238361548167,,90.32482019698085,55.983278556709315,,42.988173271457086,53.71622831161307
2020-11-27,,71.8524293144516,80.13586066915735,,86.57497220432651,69.51949542406183,,91.85884414669563,59.06042336728073,,68.88670704768339,115.58216627554283
2020-11-28,,67.3519320956115,86.5326154618101,,74.47956412806609,78.5377477435303,,91.98502073308458,62.25006964423003,,79.54690006616387,89.29310963203153
2020-11-29,43.97780218726647,71.35455036472024,112.7609375968237,43.97780218726647,76.82550639959113,98.65055519011926,43.97780218726647,92.13974383619936,76.14612194388869,43.97780218726647,93.99642107357661,200.58147335301658
2020-11-30,50.92545616123147,76.13421409975889,114.793244393051,50.92545616123147,76.44283641598936,105.54075844367783,50.92545616123147,88.58136855844815,78.33812058729387,57.87311013519648,95.25286903991348,
2020-12-01,50.34328335289083,77.08052104744858,120.28331921636587,50.34328335289083,71.39846308478334,106.58020259816517,50.34328335289083,79.74789913491591,78.1163211720921,49.17893773620954,47.719708009905595,75.67652760487256
2020-12-02,52.663627992640414,94.0874701268145,121.85037019664021,52.663627992640414,83.18746156474471,106.96990103541532,52.663627992640414,88.0682036389673,79.48099339989726,59.62466191188919,153.92145244451285,
2020-12-03,53.1074345178061,102.28385289633277,138.12900047894456,53.1074345178061,94.26469594221588,120.28331921636587,53.1074345178061,90.35406312757472,85.21875785583536,54.88266061846883,120.52881391375539,
2020-12-04,55.94271417717327,108.15013271909686,57.6856896242091,53.94856217885547,102.04199781931784,101.31149055836657,53.94856217885547,94.90337061239876,81.0802209274454,58.15420048410229,123.32782018739701,39.69485164354563
2020-12-05,55.46011518766746,98.62098565064689,50.03109127501718,53.94856217885547,97.47917405238921,87.66868679451703,53.94856217885547,86.86396947193238,81.85808921661638,,47.60713369766358,34.721894576633346
2020-12-06,57.55384100482011,90.53965082323509,63.70876372878985,55.94271417717327,85.0958330237135,66.70070469781052,53.94856217885547,81.27875919719548,87.03242773837064,,7.313033872846621,116.70954496619058
2020-12-07,53.18486419707458,66.99718414425908,95.2911035051767,53.671638447864495,76.66101159653054,91.36818832511585,52.88701493739792,76.56031535935769,99.09868111705875,46.517731488652636,36.20911904963274,190.0381228343372
2020-12-08,48.73337454694462,43.24792024517021,95.08386378556509,52.141489234238385,70.09855251201704,95.08386378556509,51.46716202873305,70.69851123790917,101.35459404698331,41.52819166807895,1.7824944183110734,94.25490490711863
2020-12-09,41.480031735031766,24.53362942787441,100.89932500322436,47.49539126153328,52.36068303436063,90.69857944327792,49.792385364247565,67.77407229955267,98.09463471243126,36.394172048363714,29.75636610091801,68.77215773184204
2020-12-10,36.99149570398743,18.765253360427113,115.90860330857672,41.2240366600104,40.99932788779484,93.42282325186609,47.16573558890825,69.68067991709849,103.19027632986602,23.525887610854415,,109.76828610339514
2020-12-11,53.64918500915262,26.188831513825075,101.20074889315165,53.64918500915262,26.61258227096842,93.91931200122602,53.812481647172355,67.22842141238733,96.60737693109532,120.27994222981339,37.00734648643848,43.17027288906526
2020-12-12,60.56893410486964,22.848735668555857,74.04561195710131,58.22706700216681,22.413671985629385,96.71081822657634,56.08781459051114,66.20188152457261,93.42277043310023,81.11647696723779,,54.2624381540855
2020-12-13,76.14387427514262,27.430624666295515,68.99328871959698,66.96647064749209,24.05669749336607,93.3776971033073,62.37323878485924,59.66285988606874,82.70690014110859,119.40289251944374,15.528161411530052,
2020-12-14,97.69176136900016,24.284617418976552,71.77119694778203,80.91159579449193,20.878542555231746,75.01864173834814,69.5616135667305,53.41831616265605,82.45025382324255,144.13360751765148,20.31834435896112,79.88379064458222
2020-12-15,116.2332298085366,26.03590920607407,60.82250200262638,87.47549648222743,26.78000058504286,70.30507530762378,71.41458409677786,52.04915587577779,81.56816097941527,,31.289784567366627,65.97350632277255
2020-12-16,95.1903055788856,22.3787634459526,65.71848178693355,87.42784202603502,26.03590920607407,69.30208102336577,69.2767280421706,42.78803800589279,80.00033023332183,36.108245311209366,,62.754192026293964
2020-12-17,87.39900143743489,22.3787634459526,67.47113191624932,91.83207082446513,26.03590920607407,61.21953978469133,68.82841893153115,35.013960415106524,78.55976934393928,49.95126040143501,,61.273038671348516
2020-12-18,76.73103774343195,43.054323930654675,67.47113191624932,86.14249654339548,36.17278330087352,64.82939316381655,69.89584077627404,30.436662682930468,81.79851248563874,,77.55484286563629,
2020-12-19,40.400155333642395,70.38512860323688,58.241479160476395,76.94739320760448,49.40037831604037,62.56994145729757,66.73630618645666,35.907025150834876,82.4854529060435,35.14096028828281,102.31075837670775,42.965179621490535
2020-12-20,33.952662100447576,78.83168690054237,49.919530021373824,55.98885118388836,57.62063792559096,57.589236175475016,62.39246253765719,40.838667709478514,75.48346663939115,14.610182400863106,56.62945945928304,32.685709766362294
2020-12-21,34.51700850159038,74.05759908389753,53.92585476296621,34.83525586351418,65.50403618059134,57.405186233488564,61.71312082325119,43.19128936791155,66.21191398591834,38.36563091578061,59.735335633963004,78.77949099266353
2020-12-22,26.41452084346893,65.12546092694939,51.47679346017211,31.952931514420015,65.12546092694939,55.691522215631764,59.714213998323714,45.95273075599612,63.66255117490014,17.541309768949194,29.396908299156873,
2020-12-23,26.41452084346893,62.35066586741495,51.29597459517214,31.121868755062145,64.88469536711851,53.29138741040741,61.83421781195645,49.34518090270074,62.02449301747561,,63.68086756796413,50.75351800017223
2020-12-24,28.406578010107076,51.026892387646875,53.67001628203009,29.75345446574222,62.14286616865406,51.52904894992217,63.61451793413653,49.0130636368068,56.81477122343263,43.10918895483538,45.69189097786733,52.461346368922314
2020-12-25,28.071241684530985,49.90371509475629,60.65638090683969,27.006018237878312,58.35125618711032,53.046068835868596,53.88623564947702,50.28635695575149,58.40212534857222,13.268837098558766,51.01357299483014,60.631168265600714
2020-12-26,23.41262611048877,52.701938885542475,54.61534421156509,24.437719626433136,54.267784217279775,55.062246678744216,48.30575307242011,52.239698425096684,58.81609406802089,19.731168619611736,73.72645458789388,
2020-12-27,34.177632165090515,69.72479434084235,37.46487408982299,32.102911557515306,62.536602233904524,45.727797470391096,42.960156842230326,60.4882837721072,52.1976731277096,60.60133398735616,114.51118557565628,-13.986536275403289
2020-12-28,36.054629469287754,71.23577603406191,25.745415051680908,32.969076185898,63.00348000056144,30.74703564137917,33.81733967572354,64.14009644602957,45.287845055257016,43.56261868607672,,3.8756818476038792
2020-12-29,34.29098959790085,90.5865975531263,19.58862419967346,36.054629469287754,78.61985812638945,30.2615601946314,33.81733967572354,72.48604121755305,41.82063384054065,,123.09517705412489,27.834182960892544
2020-12-30,41.298373764348206,102.24725793581672,-1.5634126489639533,36.054629469287754,84.28241595266074,17.80647733977787,33.58824911217495,74.58355565988963,33.93598191733675,,97.65621452559186,-23.976979128948948
2020-12-31,52.08197633671644,93.79827264641813,9.797825033344498,34.29098959790085,83.32218636139942,18.2700489053872,31.77013674670161,71.91793702684423,33.38777619835764,,39.93051343029946,55.242775762578304
